CREATE DATABASE  IF NOT EXISTS `ffadb` /*!40100 DEFAULT CHARACTER SET utf8 */;
USE `ffadb`;
-- MySQL dump 10.13  Distrib 5.7.9, for Win64 (x86_64)
--
-- Host: 127.0.0.1    Database: ffadb
-- ------------------------------------------------------
-- Server version	5.7.11-log

/*!40101 SET @OLD_CHARACTER_SET_CLIENT=@@CHARACTER_SET_CLIENT */;
/*!40101 SET @OLD_CHARACTER_SET_RESULTS=@@CHARACTER_SET_RESULTS */;
/*!40101 SET @OLD_COLLATION_CONNECTION=@@COLLATION_CONNECTION */;
/*!40101 SET NAMES utf8 */;
/*!40103 SET @OLD_TIME_ZONE=@@TIME_ZONE */;
/*!40103 SET TIME_ZONE='+00:00' */;
/*!40014 SET @OLD_UNIQUE_CHECKS=@@UNIQUE_CHECKS, UNIQUE_CHECKS=0 */;
/*!40014 SET @OLD_FOREIGN_KEY_CHECKS=@@FOREIGN_KEY_CHECKS, FOREIGN_KEY_CHECKS=0 */;
/*!40101 SET @OLD_SQL_MODE=@@SQL_MODE, SQL_MODE='NO_AUTO_VALUE_ON_ZERO' */;
/*!40111 SET @OLD_SQL_NOTES=@@SQL_NOTES, SQL_NOTES=0 */;

--
-- Table structure for table `leagues`
--

DROP TABLE IF EXISTS `leagues`;
/*!40101 SET @saved_cs_client     = @@character_set_client */;
/*!40101 SET character_set_client = utf8 */;
CREATE TABLE `leagues` (
  `LeagueID` int(11) NOT NULL,
  `ScoringType` int(11) DEFAULT NULL,
  `Name` varchar(45) DEFAULT NULL,
  `Year` int(11) DEFAULT NULL,
  `ESPNLeagueID` int(11) DEFAULT NULL,
  PRIMARY KEY (`LeagueID`)
) ENGINE=InnoDB DEFAULT CHARSET=utf8;
/*!40101 SET character_set_client = @saved_cs_client */;

--
-- Dumping data for table `leagues`
--

LOCK TABLES `leagues` WRITE;
/*!40000 ALTER TABLE `leagues` DISABLE KEYS */;
/*!40000 ALTER TABLE `leagues` ENABLE KEYS */;
UNLOCK TABLES;

--
-- Table structure for table `leagues_has_users`
--

DROP TABLE IF EXISTS `leagues_has_users`;
/*!40101 SET @saved_cs_client     = @@character_set_client */;
/*!40101 SET character_set_client = utf8 */;
CREATE TABLE `leagues_has_users` (
  `Leagues_LeagueID` int(11) NOT NULL,
  `Users_UserID` int(11) NOT NULL,
  PRIMARY KEY (`Leagues_LeagueID`,`Users_UserID`),
  KEY `fk_Leagues_has_Users_Users1_idx` (`Users_UserID`),
  KEY `fk_Leagues_has_Users_Leagues_idx` (`Leagues_LeagueID`),
  CONSTRAINT `fk_Leagues_has_Users_Leagues` FOREIGN KEY (`Leagues_LeagueID`) REFERENCES `leagues` (`LeagueID`) ON DELETE NO ACTION ON UPDATE NO ACTION,
  CONSTRAINT `fk_Leagues_has_Users_Users1` FOREIGN KEY (`Users_UserID`) REFERENCES `users` (`UserID`) ON DELETE NO ACTION ON UPDATE NO ACTION
) ENGINE=InnoDB DEFAULT CHARSET=utf8;
/*!40101 SET character_set_client = @saved_cs_client */;

--
-- Dumping data for table `leagues_has_users`
--

LOCK TABLES `leagues_has_users` WRITE;
/*!40000 ALTER TABLE `leagues_has_users` DISABLE KEYS */;
/*!40000 ALTER TABLE `leagues_has_users` ENABLE KEYS */;
UNLOCK TABLES;

--
-- Table structure for table `nflteam`
--

DROP TABLE IF EXISTS `nflteam`;
/*!40101 SET @saved_cs_client     = @@character_set_client */;
/*!40101 SET character_set_client = utf8 */;
CREATE TABLE `nflteam` (
  `NFLTeamID` int(11) NOT NULL,
  `NFLTeamName` varchar(45) DEFAULT NULL,
  `Wins` int(11) DEFAULT NULL,
  `Losses` int(11) DEFAULT NULL,
  `Ties` int(11) DEFAULT NULL,
  PRIMARY KEY (`NFLTeamID`)
) ENGINE=InnoDB DEFAULT CHARSET=utf8;
/*!40101 SET character_set_client = @saved_cs_client */;

--
-- Dumping data for table `nflteam`
--

LOCK TABLES `nflteam` WRITE;
/*!40000 ALTER TABLE `nflteam` DISABLE KEYS */;
INSERT INTO `nflteam` VALUES (1,'New England Patriots',12,4,0),(2,'New York Jets',10,6,0),(3,'Buffalo Bills',8,8,0),(4,'Miami Dolphins',6,10,0),(6,'Cincinnati Bengals',12,4,0),(7,'Pittsburgh Steelers',10,6,0),(8,'Baltimore Ravens',5,11,0),(9,'Cleveland Browns',3,13,0),(11,'Houston Texans',9,7,0),(12,'Indianapolis Colts',8,8,0),(13,'Jacksonville Jaguars',5,11,0),(14,'Tennessee Titans',3,13,0),(16,'Denver Broncos',12,4,0),(17,'Kansas City Chiefs',11,5,0),(18,'Oakland Raiders',7,9,0),(19,'San Diego Chargers',4,12,0),(21,'Washington Redskins',9,7,0),(22,'Philadelphia Eagles',7,9,0),(23,'New York Giants',6,10,0),(24,'Dallas Cowboys',4,12,0),(26,'Minnesota Vikings',11,5,0),(27,'Green Bay Packers',10,6,0),(28,'Detroit Lions',7,9,0),(29,'Chicago Bears',6,10,0),(31,'Carolina Panthers',15,1,0),(32,'Atlanta Falcons',8,8,0),(33,'New Orleans Saints',7,9,0),(34,'Tampa Bay Buccaneers',6,10,0),(36,'Arizona Cardinals',13,3,0),(37,'Seattle Seahawks',10,6,0),(38,'St. Louis Rams',7,9,0),(39,'San Francisco 49ers',5,11,0);
/*!40000 ALTER TABLE `nflteam` ENABLE KEYS */;
UNLOCK TABLES;

--
-- Table structure for table `nflteamschedules`
--

DROP TABLE IF EXISTS `nflteamschedules`;
/*!40101 SET @saved_cs_client     = @@character_set_client */;
/*!40101 SET character_set_client = utf8 */;
CREATE TABLE `nflteamschedules` (
  `NFLTeamSchedulesID` int(11) NOT NULL,
  `Week` int(11) DEFAULT NULL,
  `Season` int(11) DEFAULT NULL,
  `NFLHomeTeamID` int(11) NOT NULL,
  `NFLAwayTeamID` int(11) NOT NULL,
  PRIMARY KEY (`NFLTeamSchedulesID`,`NFLAwayTeamID`,`NFLHomeTeamID`),
  KEY `fk_NFLHomeTeamID_idx` (`NFLHomeTeamID`),
  KEY `fk_NFLAwayTeamID_idx` (`NFLAwayTeamID`),
  CONSTRAINT `fk_NFLAwayTeamID` FOREIGN KEY (`NFLAwayTeamID`) REFERENCES `nflteam` (`NFLTeamID`) ON DELETE NO ACTION ON UPDATE NO ACTION,
  CONSTRAINT `fk_NFLHomeTeamID` FOREIGN KEY (`NFLHomeTeamID`) REFERENCES `nflteam` (`NFLTeamID`) ON DELETE NO ACTION ON UPDATE NO ACTION
) ENGINE=InnoDB DEFAULT CHARSET=utf8;
/*!40101 SET character_set_client = @saved_cs_client */;

--
-- Dumping data for table `nflteamschedules`
--

LOCK TABLES `nflteamschedules` WRITE;
/*!40000 ALTER TABLE `nflteamschedules` DISABLE KEYS */;
/*!40000 ALTER TABLE `nflteamschedules` ENABLE KEYS */;
UNLOCK TABLES;

--
-- Table structure for table `players`
--

DROP TABLE IF EXISTS `players`;
/*!40101 SET @saved_cs_client     = @@character_set_client */;
/*!40101 SET character_set_client = utf8 */;
CREATE TABLE `players` (
  `PlayerID` int(11) NOT NULL AUTO_INCREMENT,
  `Name` varchar(50) DEFAULT NULL,
  `Position` varchar(4) DEFAULT NULL,
  `NFLTeamName` varchar(45) DEFAULT NULL,
  `Injured` tinyint(1) DEFAULT NULL,
  `NFLTeam_NFLTeamID` int(11) NOT NULL,
  PRIMARY KEY (`PlayerID`,`NFLTeam_NFLTeamID`),
  UNIQUE KEY `PlayersID_UNIQUE` (`PlayerID`),
  KEY `fk_Players_NFLTeam1_idx` (`NFLTeam_NFLTeamID`),
  CONSTRAINT `fk_Players_NFLTeam1` FOREIGN KEY (`NFLTeam_NFLTeamID`) REFERENCES `nflteam` (`NFLTeamID`) ON DELETE NO ACTION ON UPDATE NO ACTION
) ENGINE=InnoDB AUTO_INCREMENT=2143737812 DEFAULT CHARSET=utf8;
/*!40101 SET character_set_client = @saved_cs_client */;

--
-- Dumping data for table `players`
--

LOCK TABLES `players` WRITE;
/*!40000 ALTER TABLE `players` DISABLE KEYS */;
INSERT INTO `players` VALUES (4367993,'Rob Housler','TE','Chicago Bears',0,29),(7939301,'Andre Roberts','WR','Washington Redskins',0,21),(9966811,'Willie Snead','WR','New Orleans Saints',0,33),(11033265,'Heath Miller','TE','Pittsburgh Steelers',0,7),(11693544,'Marquise Goodwin','WR','Buffalo Bills',0,3),(17273134,'Steven Jackson','RB','New England Patriots',0,1),(20715326,'C.J. Fiedorowicz','TE','Houston Texans',0,11),(21553406,'Robbie Gould','K','Chicago Bears',0,29),(21575129,'Jarius Wright','WR','Minnesota Vikings',0,26),(23577046,'James Starks','RB','Green Bay Packers',0,27),(28179313,'Vonta Leach','RB','Baltimore Ravens',0,8),(31743725,'Ryan Tannehill','QB','Miami Dolphins',0,4),(33545465,'Rex Burkhead','RB','Cincinnati Bengals',0,6),(37202964,'Marcus Murphy','RB','New Orleans Saints',0,33),(43369349,'Tre Mason','RB','St. Louis Rams',0,38),(43796990,'Julio Jones','WR','Atlanta Falcons',0,32),(44421183,'Odell Beckham Jr.','WR','New York Giants',0,23),(45104065,'Andrew Quarless','TE','Green Bay Packers',0,27),(48779660,'Joe Flacco','QB','Baltimore Ravens',0,8),(49461553,'Eric Decker','WR','New York Jets',0,2),(53153626,'Jamaal Charles','RB','Kansas City Chiefs',0,17),(57610120,'Jermaine Kearse','WR','Seattle Seahawks',0,37),(64444528,'Jaelen Strong','WR','Houston Texans',0,11),(66736227,'Peyton Manning','QB','Denver Broncos',0,16),(76027479,'Timothy Wright','TE','Detroit Lions',0,28),(80938068,'Willis McGahee','RB','Cleveland Browns',0,9),(84787452,'Stephen Hill','WR','Carolina Panthers',0,31),(87167602,'Andrew Hawkins','WR','Cleveland Browns',0,9),(89421079,'Blair Walsh','K','Minnesota Vikings',0,26),(91666646,'Leonard Hankerson','WR','Buffalo Bills',0,3),(92765805,'Jordan Todman','RB','Pittsburgh Steelers',0,7),(94753643,'Jay Cutler','QB','Chicago Bears',0,29),(103531245,'Gary Barnidge','TE','Cleveland Browns',0,9),(106145610,'Roy Helu','RB','Oakland Raiders',0,18),(107194747,'James Develin','RB','New England Patriots',0,1),(113381563,'Jamize Olawale','RB','Oakland Raiders',0,18),(115371214,'Jeremy Kerley','WR','New York Jets',0,2),(115821968,'Terrance Williams','WR','Dallas Cowboys',0,24),(119081769,'Devin Street','WR','Dallas Cowboys',0,24),(124411264,'Marcus Harris','WR','New York Giants',0,23),(124709356,'Jonathan Krause','WR','Philadelphia Eagles',0,22),(124725915,'MyCole Pruitt','TE','Minnesota Vikings',0,26),(126883194,'Andre Caldwell','WR','Denver Broncos',0,16),(127455234,'Jeremy Butler','WR','Baltimore Ravens',0,8),(127883242,'Fitzgerald Toussaint','RB','Pittsburgh Steelers',0,7),(127960346,'Damian Copeland','WR','Jacksonville Jaguars',0,13),(136474273,'James Wright','WR','Cincinnati Bengals',0,6),(137099958,'Teddy Bridgewater','QB','Minnesota Vikings',0,26),(138973883,'Dez Bryant','WR','Dallas Cowboys',0,24),(144284063,'Harry Douglas','WR','Tennessee Titans',0,14),(153269339,'Donte Moncrief','WR','Indianapolis Colts',0,12),(156752852,'Kenny Stills','WR','Miami Dolphins',0,4),(168488680,'Jeremy Maclin','WR','Kansas City Chiefs',0,17),(172000201,'Nick Toon','WR','St. Louis Rams',0,38),(172417371,'Nick Folk','K','New York Jets',0,2),(175591544,'Benjamin Watson','TE','Baltimore Ravens',0,8),(183610105,'Breshad Perriman','WR','Baltimore Ravens',0,8),(186671047,'Giovani Bernard','RB','Cincinnati Bengals',0,6),(191952299,'Golden Tate','WR','Detroit Lions',0,28),(195681413,'Justice Cunningham','TE','St. Louis Rams',0,38),(195682832,'Shaun Draughn','RB','San Francisco 49ers',0,39),(197362551,'Josh Scobee','K','New Orleans Saints',0,33),(198981718,'Mike Gillislee','RB','Buffalo Bills',0,3),(200521069,'David Fales','QB','Chicago Bears',0,29),(202161423,'LeSean McCoy','RB','Buffalo Bills',0,3),(205098728,'Craig Stevens','TE','Tennessee Titans',0,14),(223542210,'Geno Smith','QB','New York Jets',0,2),(225214139,'David Johnson','RB','Arizona Cardinals',0,36),(232572080,'John Phillips','TE','San Diego Chargers',0,19),(233062393,'Isaiah Crowell','RB','Cleveland Browns',0,9),(238995740,'Jonathan Grimes','RB','Houston Texans',0,11),(239487463,'Branden Oliver','RB','San Diego Chargers',0,19),(241648419,'Travaris Cadet','RB','New Orleans Saints',0,33),(245908962,'Corey Fuller','WR','Detroit Lions',0,28),(254190241,'Kaelin Clay','WR','Baltimore Ravens',0,8),(256609732,'Karlos Williams','RB','Buffalo Bills',0,3),(259786938,'Jeff Heuerman','TE','Denver Broncos',0,16),(262879831,'Michael Williams','TE','New England Patriots',0,1),(264317409,'John Brown','WR','Arizona Cardinals',0,36),(266193732,'Connor Shaw','QB','Cleveland Browns',0,9),(274371074,'Neal Sterling','WR','Jacksonville Jaguars',0,13),(274509779,'Dennis Pitta','TE','Baltimore Ravens',0,8),(276074411,'Jace Amaro','TE','New York Jets',0,2),(279723139,'Marlon Brown','WR','Baltimore Ravens',0,8),(280360991,'Jordan Cameron','TE','Miami Dolphins',0,4),(284399956,'Dorial Green-Beckham','WR','Tennessee Titans',0,14),(289140795,'Bryn Renner','QB','Baltimore Ravens',0,8),(289792333,'Marlon Moore','WR','Cleveland Browns',0,9),(292148266,'Dontrelle Inman','WR','San Diego Chargers',0,19),(295016639,'C.J. Anderson','RB','Denver Broncos',0,16),(295731652,'Mohamed Sanu','WR','Atlanta Falcons',0,32),(295961902,'Mike Kafka*','QB','Minnesota Vikings',0,26),(298135796,'Bernard Pierce','RB','Jacksonville Jaguars',0,13),(306292559,'Matt Simms','QB','Atlanta Falcons',0,32),(306424690,'Boobie Dixon','RB','Buffalo Bills',0,3),(313776413,'Cody Parkey','K','Philadelphia Eagles',0,22),(314424789,'Matt Jones','RB','Washington Redskins',0,21),(316677380,'Matt Hazel','WR','Miami Dolphins',0,4),(318114578,'Matt Forte','RB','New York Jets',0,2),(322693139,'Sean Mannion','QB','St. Louis Rams',0,38),(323589098,'Orleans Darkwa','RB','New York Giants',0,23),(329827849,'Landry Jones','QB','Pittsburgh Steelers',0,7),(332096237,'Paul Richardson','WR','Seattle Seahawks',0,37),(337409145,'T.Y. Hilton','WR','Indianapolis Colts',0,12),(337963139,'Malcom Floyd','WR','San Diego Chargers',0,19),(347487547,'Lance Dunbar','RB','Dallas Cowboys',0,24),(351784805,'Garrett Celek','TE','San Francisco 49ers',0,39),(359602180,'Ray Agnew','RB','Dallas Cowboys',0,24),(362786083,'Kyle Rudolph','TE','Minnesota Vikings',0,26),(362897302,'Ladarius Green','TE','Pittsburgh Steelers',0,7),(367447979,'DeAndre Hopkins','WR','Houston Texans',0,11),(370302011,'Ryan Hewitt','TE','Cincinnati Bengals',0,6),(370435201,'Josh McCown','QB','Cleveland Browns',0,9),(370693886,'Richard Gordon','TE','Denver Broncos',0,16),(372465233,'Mark Ingram','RB','New Orleans Saints',0,33),(377180341,'Charles Johnson','WR','Minnesota Vikings',0,26),(377561102,'Antonio Andrews','RB','Tennessee Titans',0,14),(379324534,'Kevin White','WR','Chicago Bears',0,29),(382869660,'Kevin Smith','WR','Seattle Seahawks',0,37),(387809270,'Carlos Hyde','RB','San Francisco 49ers',0,39),(388570220,'Mike Tolbert','RB','Carolina Panthers',0,31),(400344277,'Mike Nugent','K','Cincinnati Bengals',0,6),(405097406,'Julius Thomas','TE','Jacksonville Jaguars',0,13),(407354694,'Darren Sproles','RB','Philadelphia Eagles',0,22),(418463068,'Bobby Rainey','RB','Tampa Bay Buccaneers',0,34),(421545124,'Matt Barkley','QB','Arizona Cardinals',0,36),(422559615,'Dezmin Lewis','WR','Buffalo Bills',0,3),(430683703,'Aaron Rodgers','QB','Green Bay Packers',0,27),(432692458,'Brandon Wegher','RB','Carolina Panthers',0,31),(435743559,'Reggie Bush','RB','San Francisco 49ers',0,39),(436935151,'Markus Wheaton','WR','Pittsburgh Steelers',0,7),(438286361,'Chris Polk','RB','Houston Texans',0,11),(442169012,'Sebastian Janikowski','K','Oakland Raiders',0,18),(442294447,'Lee Smith','TE','Oakland Raiders',0,18),(443649031,'Jerick McKinnon','RB','Minnesota Vikings',0,26),(445998842,'Matthew Tucker*','RB','Philadelphia Eagles',0,22),(457380812,'Kendall Wright','WR','Tennessee Titans',0,14),(458145600,'Kellen Winslow','TE','New York Jets',0,2),(480911506,'Torrey Smith','WR','San Francisco 49ers',0,39),(499413277,'Chris Thompson','RB','Washington Redskins',0,21),(507145611,'Darrius Heyward-Bey','WR','Pittsburgh Steelers',0,7),(511643223,'Martavis Bryant','WR','Pittsburgh Steelers',0,7),(511705971,'Duron Carter','WR','Indianapolis Colts',0,12),(511888987,'Louis Murphy','WR','Tampa Bay Buccaneers',0,34),(511940407,'Ifeanyi Momah','WR','Arizona Cardinals',0,36),(514483824,'Cairo Santos','K','Kansas City Chiefs',0,17),(521570243,'Daniel Herron','RB','Indianapolis Colts',0,12),(523847331,'Marcel Jensen','TE','Washington Redskins',0,21),(528173619,'Chris Harper','WR','New York Giants',0,23),(529738497,'Josh Gordon','WR','Cleveland Browns',0,9),(534494270,'Andy Dalton','QB','Cincinnati Bengals',0,6),(542562870,'Vincent Jackson','WR','Tampa Bay Buccaneers',0,34),(545437132,'Anquan Boldin','WR','San Francisco 49ers',0,39),(549305729,'Chris Givens','WR','Baltimore Ravens',0,8),(550184499,'Cory Harkey','TE','St. Louis Rams',0,38),(558341648,'Corey Brown','WR','Carolina Panthers',0,31),(558478077,'Rhett Ellison','TE','Minnesota Vikings',0,26),(559921211,'Juwan Thompson','RB','Denver Broncos',0,16),(560404469,'Marquess Wilson','WR','Chicago Bears',0,29),(562945526,'Corey Grant','RB','Jacksonville Jaguars',0,13),(562986469,'John Kuhn','RB','Green Bay Packers',0,27),(563440041,'Jordan Matthews','WR','Philadelphia Eagles',0,22),(569868412,'Dorin Dickerson','TE','Tennessee Titans',0,14),(570644538,'Luke Stocker','TE','Tampa Bay Buccaneers',0,34),(580506996,'Marcus Mariota','QB','Tennessee Titans',0,14),(583556778,'Chris Matthews','WR','Baltimore Ravens',0,8),(591405117,'EJ Manuel','QB','Buffalo Bills',0,3),(593689883,'Tom Savage','QB','Houston Texans',0,11),(595436118,'Alfred Morris','RB','Washington Redskins',0,21),(597754553,'McLeod Bethel-Thompson','QB','Miami Dolphins',0,4),(598114778,'Shayne Graham','K','Atlanta Falcons',0,32),(598935771,'Robert Griffin','QB','Washington Redskins',0,21),(599428174,'Jon Kitna','QB','Dallas Cowboys',0,24),(606691322,'Garrett Gilbert','QB','Detroit Lions',0,28),(607033299,'Logan Thomas','QB','Miami Dolphins',0,4),(607499803,'Blake Annen','TE','Buffalo Bills',0,3),(609366551,'DeMarco Murray','RB','Tennessee Titans',0,14),(612033532,'Blake Bortles','QB','Jacksonville Jaguars',0,13),(623271566,'Tevin Reese','WR','Cincinnati Bengals',0,6),(624253609,'Seth Roberts','WR','Oakland Raiders',0,18),(632441006,'Damien Williams','RB','Miami Dolphins',0,4),(633515855,'Brenton Bersin','WR','Carolina Panthers',0,31),(653309513,'Brandon Stokley','WR','Baltimore Ravens',0,8),(654865161,'Cordarrelle Patterson','WR','Minnesota Vikings',0,26),(658513081,'Chris Conley','WR','Kansas City Chiefs',0,17),(659276106,'Kerwynn Williams','RB','Arizona Cardinals',0,36),(666186264,'Scott Chandler','TE','New England Patriots',0,1),(670995120,'Marques Colston','WR','New Orleans Saints',0,33),(671873415,'Cierre Wood','RB','Buffalo Bills',0,3),(671960114,'G.J. Kinne','QB','Philadelphia Eagles',0,22),(673434996,'Keith Mumphery','WR','Houston Texans',0,11),(678007476,'Stevan Ridley','RB','New York Jets',0,2),(678956690,'Jake Stoneburner','TE','Miami Dolphins',0,4),(679323009,'Lance Kendricks','TE','St. Louis Rams',0,38),(686996998,'Chris Pantale','TE','Chicago Bears',0,29),(689112035,'Devin Smith','WR','New York Jets',0,2),(691989819,'Eric Ebron','TE','Detroit Lions',0,28),(699391171,'Bruce Ellington','WR','San Francisco 49ers',0,39),(699397263,'Ryan Succop','K','Tennessee Titans',0,14),(702651482,'Chris Owusu','WR','New York Jets',0,2),(708228192,'Chris Ivory','RB','New York Jets',0,2),(709368476,'Chris Hogan','WR','New England Patriots',0,1),(710208211,'Chris Gragg','TE','Buffalo Bills',0,3),(711306036,'Adam Humphries','WR','Tampa Bay Buccaneers',0,34),(716486801,'Javorius Allen','RB','Baltimore Ravens',0,8),(717829633,'Fozzy Whittaker','RB','Carolina Panthers',0,31),(717958125,'Ryan Fitzpatrick','QB','New York Jets',0,2),(721415818,'Aaron Dobson','WR','New England Patriots',0,1),(726772533,'Jameis Winston','QB','Tampa Bay Buccaneers',0,34),(728271580,'Justin Blackmon','WR','Jacksonville Jaguars',0,13),(729423920,'Randall Cobb','WR','Green Bay Packers',0,27),(734980434,'Josh Robinson','RB','Indianapolis Colts',0,12),(736257714,'Chandler Catanzaro','K','Arizona Cardinals',0,36),(737780969,'DeAndre Smelter','WR','San Francisco 49ers',0,39),(738496108,'Visanthe Shiancoe','TE','Tennessee Titans',0,14),(744804855,'Quan Bray','RB','Indianapolis Colts',0,12),(751621970,'Zac Stacy','RB','New York Jets',0,2),(753217265,'Martellus Bennett','TE','Chicago Bears',0,29),(754174500,'Stepfan Taylor','RB','Arizona Cardinals',0,36),(758143902,'Doug Martin','RB','Tampa Bay Buccaneers',0,34),(766490902,'Chris Manhertz','TE','New Orleans Saints',0,33),(769965267,'Vernon Davis','TE','Denver Broncos',0,16),(781411688,'Eddie Royal','WR','Chicago Bears',0,29),(783593414,'Troy Niklas','TE','Arizona Cardinals',0,36),(784124816,'Adam Vinatieri','K','Indianapolis Colts',0,12),(792769459,'George Winn','RB','Detroit Lions',0,28),(793833674,'Christine Michael','RB','Seattle Seahawks',0,37),(795665623,'Julian Edelman','WR','New England Patriots',0,1),(798362603,'Russell Shepard','WR','Tampa Bay Buccaneers',0,34),(800542184,'Brandon Tate','WR','Cincinnati Bengals',0,6),(804195021,'Michael Burton','RB','Detroit Lions',0,28),(807941733,'Brandon Coleman','WR','New Orleans Saints',0,33),(811466689,'DiAndre Campbell','WR','San Francisco 49ers',0,39),(819882415,'Tyler Eifert','TE','Cincinnati Bengals',0,6),(820613672,'Duke Johnson Jr.','RB','Cleveland Browns',0,9),(826657045,'Mike Evans','WR','Tampa Bay Buccaneers',0,34),(828186151,'Mike Davis','RB','San Francisco 49ers',0,39),(829842340,'Jeff Janis','WR','Green Bay Packers',0,27),(830575838,'Santana Moss','WR','Washington Redskins',0,21),(830586049,'Nelson Agholor','WR','Philadelphia Eagles',0,22),(842559116,'Terron Ward','RB','Atlanta Falcons',0,32),(843074213,'Malcolm Brown','RB','St. Louis Rams',0,38),(843669514,'Bryan Walters','WR','Jacksonville Jaguars',0,13),(843772219,'Vince Mayle','WR','Dallas Cowboys',0,24),(843930660,'Darrel Young','RB','Washington Redskins',0,21),(847631326,'Gerald Christian','TE','Arizona Cardinals',0,36),(849014210,'Doug Baldwin','WR','Seattle Seahawks',0,37),(853094309,'Steve Smith Sr.','WR','Baltimore Ravens',0,8),(854893498,'Garrett Grayson','QB','New Orleans Saints',0,33),(859586330,'Andre Williams','RB','New York Giants',0,23),(870344144,'Joshua Bellamy','WR','Chicago Bears',0,29),(873908813,'Tyler Clutts','RB','Dallas Cowboys',0,24),(875683250,'Brett Hundley','QB','Green Bay Packers',0,27),(877969462,'Trevor Siemian','QB','Denver Broncos',0,16),(878164097,'Greg Jennings','WR','Miami Dolphins',0,4),(883128813,'Jason Avant','WR','Kansas City Chiefs',0,17),(883886161,'Kendall Hunter','RB','New Orleans Saints',0,33),(894304405,'Jason Myers','K','Jacksonville Jaguars',0,13),(894448873,'Taylor Gabriel','WR','Cleveland Browns',0,9),(895136056,'Brandon McManus','K','Denver Broncos',0,16),(899035135,'Matt Spaeth','TE','Pittsburgh Steelers',0,7),(901465900,'Kenny Hilliard','RB','Houston Texans',0,11),(903740847,'Kai Forbath','K','New Orleans Saints',0,33),(911519666,'Jesse James','TE','Pittsburgh Steelers',0,7),(913223194,'Darren Fells','TE','Arizona Cardinals',0,36),(929218633,'Brandin Cooks','WR','New Orleans Saints',0,33),(936967254,'Rian Lindell','K','Tampa Bay Buccaneers',0,34),(944576602,'Asante Cleveland','TE','San Diego Chargers',0,19),(945931520,'Brandon Lloyd','WR','San Francisco 49ers',0,39),(947232512,'Brandon Myers','TE','Tampa Bay Buccaneers',0,34),(952610249,'Myles White','WR','New York Giants',0,23),(954144379,'Dan Bailey','K','Dallas Cowboys',0,24),(954320824,'Randy Bullock','K','New York Jets',0,2),(954716682,'Rashad Ross','WR','Washington Redskins',0,21),(956964446,'Stephen Gostkowski','K','New England Patriots',0,1),(959545345,'Austin Johnson','RB','New Orleans Saints',0,33),(965738030,'John Crockett','RB','Green Bay Packers',0,27),(982614503,'Vance McDonald','TE','San Francisco 49ers',0,39),(983061586,'Matt Prater','K','Detroit Lions',0,28),(985094575,'Aaron Murray','QB','Kansas City Chiefs',0,17),(988509165,'Daniel Fells','TE','New York Giants',0,23),(991443300,'Collin Mooney','RB','Atlanta Falcons',0,32),(992937541,'Philip Rivers','QB','San Diego Chargers',0,19),(996979550,'Kyle Miller','TE','San Diego Chargers',0,19),(998440703,'Jacquizz Rodgers','RB','Chicago Bears',0,29),(999751024,'Dylan Thompson','QB','San Francisco 49ers',0,39),(999932695,'Jonathan Stewart','RB','Carolina Panthers',0,31),(1002397491,'Billy Cundiff','K','Cleveland Browns',0,9),(1005022973,'Kapri Bibbs','RB','Denver Broncos',0,16),(1008115047,'Derek Carr','QB','Oakland Raiders',0,18),(1009716509,'Jeremy Ross','WR','Oakland Raiders',0,18),(1010020409,'Jeremy Hill','RB','Cincinnati Bengals',0,6),(1010202572,'Ben Roethlisberger','QB','Pittsburgh Steelers',0,7),(1011506844,'Maxx Williams','TE','Baltimore Ravens',0,8),(1013489401,'Tony Romo','QB','Dallas Cowboys',0,24),(1015898779,'Zach Sudfeld','TE','New York Jets',0,2),(1017879805,'Graham Gano','K','Carolina Panthers',0,31),(1020290644,'Kyle Juszczyk','RB','Baltimore Ravens',0,8),(1024524312,'Brandon Bolden','RB','New England Patriots',0,1),(1024618548,'Nate Washington','WR','Houston Texans',0,11),(1024984289,'Justin Hardy','WR','Atlanta Falcons',0,32),(1049391166,'Alan Bonner','WR','Houston Texans',0,11),(1049594276,'Kenny Bell','WR','Tampa Bay Buccaneers',0,34),(1049971276,'Nick Foles','QB','St. Louis Rams',0,38),(1053652664,'Nick Boyle','TE','Baltimore Ravens',0,8),(1055736302,'Virgil Green','TE','Denver Broncos',0,16),(1056663545,'E.J. Bibbs','TE','Cleveland Browns',0,9),(1060605273,'Danny Amendola','WR','New England Patriots',0,1),(1070057033,'Ben Koyack','TE','Jacksonville Jaguars',0,13),(1075276558,'Melvin Gordon','RB','San Diego Chargers',0,19),(1089034981,'Lance Moore','WR','Detroit Lions',0,28),(1100558047,'Tyrod Taylor','QB','Buffalo Bills',0,3),(1108089564,'Alfred Blue','RB','Houston Texans',0,11),(1108425562,'Charcandrick West','RB','Kansas City Chiefs',0,17),(1119466174,'Kevin Walter','WR','Tennessee Titans',0,14),(1129772759,'Cameron Meredith','WR','Chicago Bears',0,29),(1133373054,'Delanie Walker','TE','Tennessee Titans',0,14),(1136731853,'Travis Benjamin','WR','San Diego Chargers',0,19),(1139003006,'Antonio Brown','WR','Pittsburgh Steelers',0,7),(1142796707,'Ricky Stanzi','QB','New York Giants',0,23),(1149910554,'Rishard Matthews','WR','Tennessee Titans',0,14),(1151974288,'Anthony McCoy','TE','Seattle Seahawks',0,37),(1166701681,'Riley Cooper','WR','Philadelphia Eagles',0,22),(1171638132,'Ben Hartsock','TE','Carolina Panthers',0,31),(1172600289,'Isaiah Pead','RB','Pittsburgh Steelers',0,7),(1177704228,'Greg Jones','RB','New Orleans Saints',0,33),(1177785133,'Dan Carpenter','K','Buffalo Bills',0,3),(1182237260,'Greg Olsen','TE','Carolina Panthers',0,31),(1191294875,'Derrick Coleman','RB','Seattle Seahawks',0,37),(1194766123,'Nathan Palmer','WR','Chicago Bears',0,29),(1208566701,'Kendall Gaskins','RB','San Francisco 49ers',0,39),(1209566809,'Armon Binns','WR','Kansas City Chiefs',0,17),(1217837271,'DeAndrew White','WR','San Francisco 49ers',0,39),(1219872989,'Drew Brees','QB','New Orleans Saints',0,33),(1221912022,'Eddie Lacy','RB','Green Bay Packers',0,27),(1225226728,'Josh Boyce','WR','New England Patriots',0,1),(1225307120,'Josh Brown','K','New York Giants',0,23),(1226937789,'Bilal Powell','RB','New York Jets',0,2),(1227898271,'Joseph Fauria','TE','Arizona Cardinals',0,36),(1234033311,'Josh Lambo','K','San Diego Chargers',0,19),(1234410103,'Niles Paul','TE','Washington Redskins',0,21),(1242749754,'Frankie Hammond','WR','Kansas City Chiefs',0,17),(1242821107,'James White','RB','New England Patriots',0,1),(1245284748,'Marqise Lee','WR','Jacksonville Jaguars',0,13),(1251154603,'Marshawn Lynch','RB','Seattle Seahawks',0,37),(1252732010,'Nate Burleson','WR','Cleveland Browns',0,9),(1252830538,'Dominique Jones','TE','Denver Broncos',0,16),(1254613989,'James Jones','WR','Green Bay Packers',0,27),(1256821184,'Matt Ryan','QB','Atlanta Falcons',0,32),(1256877844,'James Hanna','TE','Dallas Cowboys',0,24),(1261490899,'James Casey','TE','Denver Broncos',0,16),(1271850895,'Darren Waller','WR','Baltimore Ravens',0,8),(1273151028,'Dion Lewis','RB','New England Patriots',0,1),(1276044811,'Stevie Johnson','WR','San Diego Chargers',0,19),(1283575612,'B.J. Daniels','WR','Houston Texans',0,11),(1287675937,'DeAngelo Williams','RB','Pittsburgh Steelers',0,7),(1291948748,'Andrew Franks','K','Miami Dolphins',0,4),(1292170816,'Lamar Miller','RB','Houston Texans',0,11),(1297021964,'Tyler Bray','QB','Kansas City Chiefs',0,17),(1299434522,'Chase Reynolds','RB','St. Louis Rams',0,38),(1302679486,'Bishop Sankey','RB','Tennessee Titans',0,14),(1304154831,'Terrence Magee','RB','Baltimore Ravens',0,8),(1304521637,'Brian Hoyer','QB','Houston Texans',0,11),(1307146884,'Ryan Williams','RB','Dallas Cowboys',0,24),(1308982214,'Jack Doyle','TE','Indianapolis Colts',0,12),(1312996627,'Brian Quick','WR','St. Louis Rams',0,38),(1315381944,'Konrad Reuland','TE','Baltimore Ravens',0,8),(1319006484,'Calvin Johnson','WR','Detroit Lions',0,28),(1321946146,'Chris Johnson','RB','Arizona Cardinals',0,36),(1324158594,'Larry Donnell','TE','New York Giants',0,23),(1324183764,'Emmanuel Sanders','WR','Denver Broncos',0,16),(1326853046,'Brad Sorensen','QB','San Diego Chargers',0,19),(1327692827,'Rashad Greene','WR','Jacksonville Jaguars',0,13),(1348162299,'Justin Tucker','K','Baltimore Ravens',0,8),(1352562719,'Kevin Norwood','WR','Carolina Panthers',0,31),(1355180445,'Brittan Golden','WR','Arizona Cardinals',0,36),(1363420179,'Ameer Abdullah','RB','Detroit Lions',0,28),(1365855470,'Blake Bell','TE','San Francisco 49ers',0,39),(1372807925,'Jalen Saunders','WR','New England Patriots',0,1),(1374483228,'Randall Telfer','TE','Cleveland Browns',0,9),(1378928664,'David Cobb','RB','Tennessee Titans',0,14),(1380319603,'Ryan Mathews','RB','Philadelphia Eagles',0,22),(1380560343,'Freddie Martino','WR','Philadelphia Eagles',0,22),(1383172694,'Matt Bryant','K','Atlanta Falcons',0,32),(1388208752,'Jermaine Gresham','TE','Arizona Cardinals',0,36),(1392247362,'Knile Davis','RB','Kansas City Chiefs',0,17),(1397233380,'Miles Austin','WR','Philadelphia Eagles',0,22),(1398853477,'Kirk Cousins','QB','Washington Redskins',0,21),(1401162989,'Zac Dysert','QB','Miami Dolphins',0,4),(1404173453,'Victor Cruz','WR','New York Giants',0,23),(1405828338,'Ronnie Hillman','RB','Denver Broncos',0,16),(1411354813,'Matt Asiata','RB','Minnesota Vikings',0,26),(1412123036,'Jeff Cumberland','TE','New York Jets',0,2),(1419398712,'Theo Riddick','RB','Detroit Lions',0,28),(1420411107,'Ricardo Lockette','WR','Seattle Seahawks',0,37),(1422411845,'Travis Coons','K','Cleveland Browns',0,9),(1426330632,'Dion Sims','TE','Miami Dolphins',0,4),(1427179097,'Will Johnson','RB','Pittsburgh Steelers',0,7),(1429498865,'Travis Kelce','TE','Kansas City Chiefs',0,17),(1431226760,'Allen Reisner','TE','Baltimore Ravens',0,8),(1434122314,'Russell Wilson','QB','Seattle Seahawks',0,37),(1435081873,'Pierre Garcon','WR','Washington Redskins',0,21),(1440792667,'Rashad Jennings','RB','New York Giants',0,23),(1443869743,'Devonta Freeman','RB','Atlanta Falcons',0,32),(1450401536,'Seneca Wallace','QB','Green Bay Packers',0,27),(1453201551,'Terrance West','RB','Baltimore Ravens',0,8),(1457308183,'Levine Toilolo','TE','Atlanta Falcons',0,32),(1457327732,'Justin Perillo','TE','Green Bay Packers',0,27),(1458808460,'Justin Forsett','RB','Baltimore Ravens',0,8),(1459554203,'Davante Adams','WR','Green Bay Packers',0,27),(1460988142,'Geoff Swaim','TE','Dallas Cowboys',0,24),(1464560417,'Tim Hightower','RB','New Orleans Saints',0,33),(1479680869,'Roddy White','WR','Atlanta Falcons',0,32),(1482288467,'Latavius Murray','RB','Oakland Raiders',0,18),(1484123446,'Larry Fitzgerald','WR','Arizona Cardinals',0,36),(1487775889,'Andre Johnson','WR','Indianapolis Colts',0,12),(1493833022,'Allen Robinson','WR','Jacksonville Jaguars',0,13),(1495067439,'Danny Woodhead','RB','San Diego Chargers',0,19),(1497232398,'Jordan Reed','TE','Washington Redskins',0,21),(1502573073,'Lucky Whitehead','WR','Dallas Cowboys',0,24),(1508161468,'Cecil Shorts III','WR','Houston Texans',0,11),(1510074210,'Fred Jackson','RB','Seattle Seahawks',0,37),(1515831117,'Jared Abbrederis','WR','Green Bay Packers',0,27),(1520345116,'Jimmy Graham','TE','Seattle Seahawks',0,37),(1523571666,'Joe Webb','QB','Carolina Panthers',0,31),(1527172584,'Jonas Gray','RB','Jacksonville Jaguars',0,13),(1530529337,'Zach Ertz','TE','Philadelphia Eagles',0,22),(1534636980,'Allen Hurns','WR','Jacksonville Jaguars',0,13),(1534995371,'Tyler Varga','RB','Indianapolis Colts',0,12),(1544650550,'Tyler Kroft','TE','Cincinnati Bengals',0,6),(1547803288,'Coby Fleener','TE','New Orleans Saints',0,33),(1549115464,'Tyrell Williams','WR','San Diego Chargers',0,19),(1552299375,'Anthony Fasano','TE','Tennessee Titans',0,14),(1557244628,'Kennard Backman','TE','Green Bay Packers',0,27),(1563716679,'Josh Hill','TE','New Orleans Saints',0,33),(1563728019,'Josh Huff','WR','Philadelphia Eagles',0,22),(1571239471,'Jeremy Langford','RB','Chicago Bears',0,29),(1572256983,'Frank Gore','RB','Indianapolis Colts',0,12),(1581725688,'Sammy Watkins','WR','Buffalo Bills',0,3),(1582309414,'Gavin Escobar','TE','Dallas Cowboys',0,24),(1583102100,'Dwayne Allen','TE','Indianapolis Colts',0,12),(1596465196,'Bennie Fowler','WR','Denver Broncos',0,16),(1600102626,'Michael Hoomanawanui','TE','New Orleans Saints',0,33),(1601159954,'Amari Cooper','WR','Oakland Raiders',0,18),(1603565936,'Jaron Brown','WR','Arizona Cardinals',0,36),(1604868534,'Marcus Thigpen','RB','Buffalo Bills',0,3),(1613818398,'Rodney Smith','WR','Dallas Cowboys',0,24),(1616249864,'Brandon Marshall','WR','New York Jets',0,2),(1619418713,'Kassim Osgood','WR','San Francisco 49ers',0,39),(1627550175,'Taiwan Jones','RB','Oakland Raiders',0,18),(1633012221,'Luke Willson','TE','Seattle Seahawks',0,37),(1636915068,'Andrew Luck','QB','Indianapolis Colts',0,12),(1637032544,'Geremy Davis','WR','New York Giants',0,23),(1637170725,'Owen Daniels','TE','Denver Broncos',0,16),(1641088319,'Dwayne Harris','WR','New York Giants',0,23),(1644400561,'Mike Wallace','WR','Baltimore Ravens',0,8),(1644863985,'Rex Grossman','QB','Atlanta Falcons',0,32),(1645548339,'Saalim Hakim','WR','Kansas City Chiefs',0,17),(1646009805,'Jarvis Landry','WR','Miami Dolphins',0,4),(1646872033,'Todd Gurley','RB','St. Louis Rams',0,38),(1648872825,'Mychal Rivera','TE','Oakland Raiders',0,18),(1653048704,'Marcel Reece','RB','Oakland Raiders',0,18),(1655915956,'Benjamin Cunningham','RB','St. Louis Rams',0,38),(1657820715,'J.J. Nelson','WR','Arizona Cardinals',0,36),(1671919407,'Vick Ballard','RB','Indianapolis Colts',0,12),(1673367686,'Quinton Patton','WR','San Francisco 49ers',0,39),(1681631581,'Rob Gronkowski','TE','New England Patriots',0,1),(1685561721,'Michael Crabtree','WR','Oakland Raiders',0,18),(1685877871,'Phillip Supernaw','TE','Tennessee Titans',0,14),(1688445111,'David Nelson','WR','Pittsburgh Steelers',0,7),(1688537687,'Brandon Bostick','TE','Minnesota Vikings',0,26),(1689135123,'TJ Jones','WR','Detroit Lions',0,28),(1691375761,'Justin Hunter','WR','Tennessee Titans',0,14),(1696294805,'Wes Welker','WR','St. Louis Rams',0,38),(1700536921,'Jamison Crowder','WR','Washington Redskins',0,21),(1701763340,'Plaxico Burress','WR','Pittsburgh Steelers',0,7),(1704944148,'Colin Kaepernick','QB','San Francisco 49ers',0,39),(1705016069,'Brian Tyms','WR','New England Patriots',0,1),(1710986769,'Jacoby Jones','WR','Pittsburgh Steelers',0,7),(1714386500,'DeVante Parker','WR','Miami Dolphins',0,4),(1724787963,'Trey Watts','RB','St. Louis Rams',0,38),(1731473426,'Jared Cook','TE','St. Louis Rams',0,38),(1732806874,'Keenan Allen','WR','San Diego Chargers',0,19),(1737976412,'Stedman Bailey','WR','St. Louis Rams',0,38),(1739161346,'Bruce Miller','RB','San Francisco 49ers',0,39),(1739207919,'Ronnie Brown','RB','San Diego Chargers',0,19),(1739404643,'Zach Miller','TE','Seattle Seahawks',0,37),(1741366708,'Robert Turbin','RB','Indianapolis Colts',0,12),(1741819267,'Richard Rodgers','TE','Green Bay Packers',0,27),(1751098469,'Matthew Stafford','QB','Detroit Lions',0,28),(1753328152,'Dri Archer','RB','New York Jets',0,2),(1753916374,'Ty Montgomery','WR','Green Bay Packers',0,27),(1758272462,'Dres Anderson','WR','San Francisco 49ers',0,39),(1759250115,'Kyle Brindza','K','New York Jets',0,2),(1759938223,'Phillip Dorsett','WR','Indianapolis Colts',0,12),(1764101126,'Marcedes Lewis','TE','Jacksonville Jaguars',0,13),(1765440684,'Jorvorskie Lane','RB','Tampa Bay Buccaneers',0,34),(1767365493,'Khiry Robinson','RB','New York Jets',0,2),(1767448703,'Alex Smith','QB','Kansas City Chiefs',0,17),(1776846061,'Rod Streater','WR','Kansas City Chiefs',0,17),(1782179700,'Gus Johnson','RB','Atlanta Falcons',0,32),(1783491131,'Alex Bayer','TE','St. Louis Rams',0,38),(1787366969,'Kelvin Benjamin','WR','Carolina Panthers',0,31),(1798918035,'Thomas Rawls','RB','Seattle Seahawks',0,37),(1801671467,'Clay Harbor','TE','Jacksonville Jaguars',0,13),(1805418614,'Jerome Felton','RB','Buffalo Bills',0,3),(1805972694,'Marc Mariani','WR','Chicago Bears',0,29),(1810801056,'Dallas Clark','TE','Baltimore Ravens',0,8),(1814005795,'Deonte Thompson','WR','Chicago Bears',0,29),(1819660902,'Johnny Manziel','QB','Cleveland Browns',0,9),(1820384852,'Marvin Jones','WR','Detroit Lions',0,28),(1821931048,'Kenny Britt','WR','St. Louis Rams',0,38),(1822319436,'Lorenzo Taliaferro','RB','Baltimore Ravens',0,8),(1828217343,'Tevin Coleman','RB','Atlanta Falcons',0,32),(1830480315,'Michael Floyd','WR','Arizona Cardinals',0,36),(1832234640,'Michael Hill*','RB','Dallas Cowboys',0,24),(1841858781,'Jerricho Cotchery','WR','Carolina Panthers',0,31),(1841871463,'Patrick DiMarco','RB','Atlanta Falcons',0,32),(1847606260,'A.J. Green','WR','Cincinnati Bengals',0,6),(1847680176,'Eli Manning','QB','New York Giants',0,23),(1850551168,'Andre Ellington','RB','Arizona Cardinals',0,36),(1854789202,'Tyler Lockett','WR','Seattle Seahawks',0,37),(1856390729,'Keith Wenning','QB','Cincinnati Bengals',0,6),(1858925954,'Jordan Norwood','WR','Denver Broncos',0,16),(1867043287,'Steven Hauschka','K','Seattle Seahawks',0,37),(1877278352,'Zach Hocker','K','St. Louis Rams',0,38),(1881748855,'Brian Hartline','WR','Cleveland Browns',0,9),(1883881425,'Cody Latimer','WR','Denver Broncos',0,16),(1887207316,'Seantavius Jones','WR','New Orleans Saints',0,33),(1887264520,'Aaron Ripkowski','RB','Green Bay Packers',0,27),(1894973472,'Senorise Perry','RB','Chicago Bears',0,29),(1899448668,'Tyler Gaffney','RB','New England Patriots',0,1),(1900826041,'Jarryd Hayne','RB','San Francisco 49ers',0,39),(1901063592,'Charles Sims','RB','Tampa Bay Buccaneers',0,34),(1901537731,'Charles Clay','TE','Buffalo Bills',0,3),(1902802048,'RaShaun Allen','TE','New Orleans Saints',0,33),(1905297880,'Tom Brady','QB','New England Patriots',0,1),(1910525160,'Shane Vereen','RB','New York Giants',0,23),(1913288720,'Cole Beasley','WR','Dallas Cowboys',0,24),(1917750771,'Quincy Enunwa','WR','New York Jets',0,2),(1917760631,'Brandon Pettigrew','TE','Detroit Lions',0,28),(1918979186,'Dexter McCluster','WR','Tennessee Titans',0,14),(1919050974,'Kenbrell Thompkins','WR','New York Jets',0,2),(1920569032,'Arthur Lynch','TE','New York Jets',0,2),(1930364381,'Kellen Moore','QB','Dallas Cowboys',0,24),(1933896617,'Ryan Griffin','TE','Houston Texans',0,11),(1934413482,'Jay Ajayi','RB','Miami Dolphins',0,4),(1937016185,'Devin Funchess','WR','Carolina Panthers',0,31),(1937237165,'DeSean Jackson','WR','Washington Redskins',0,21),(1939086682,'Kellen Davis','TE','New York Jets',0,2),(1945014838,'Andre Debose','WR','Oakland Raiders',0,18),(1950831601,'Derek Carrier','TE','Washington Redskins',0,21),(1961233204,'Nic Jacobs','TE','Jacksonville Jaguars',0,13),(1966098196,'Kamar Aiken','WR','Baltimore Ravens',0,8),(1966936255,'Adrian Peterson','RB','Minnesota Vikings',0,26),(1969820504,'Jim Dray','TE','Cleveland Browns',0,9),(1980476774,'Crockett Gillmore','TE','Baltimore Ravens',0,8),(1986872942,'Tavon Austin','WR','St. Louis Rams',0,38),(1989419639,'Jacob Tamme','TE','Atlanta Falcons',0,32),(1994303247,'Sam Bradford','QB','Philadelphia Eagles',0,22),(1996700295,'Greg Zuerlein','K','St. Louis Rams',0,38),(2000787101,'Sammie Coates','WR','Pittsburgh Steelers',0,7),(2003306326,'Isaiah Burse','WR','San Diego Chargers',0,19),(2006561197,'Spencer Ware','RB','Kansas City Chiefs',0,17),(2007320732,'Austin Seferian-Jenkins','TE','Tampa Bay Buccaneers',0,34),(2010007399,'Demaryius Thomas','WR','Denver Broncos',0,16),(2012185356,'Clive Walford','TE','Oakland Raiders',0,18),(2019212446,'Denard Robinson','RB','Jacksonville Jaguars',0,13),(2021326262,'MarQueis Gray','TE','Buffalo Bills',0,3),(2024927361,'Carson Palmer','QB','Arizona Cardinals',0,36),(2027205413,'Tommy Bohanon','RB','New York Jets',0,2),(2036014479,'Anthony Sherman','RB','Kansas City Chiefs',0,17),(2048423244,'Mason Crosby','K','Green Bay Packers',0,27),(2049331308,'Darren McFadden','RB','Dallas Cowboys',0,24),(2057351967,'Bryce Brown','RB','Seattle Seahawks',0,37),(2063776364,'Julian Talley','WR','New York Giants',0,23),(2069062220,'Andre Holmes','WR','Oakland Raiders',0,18),(2069370880,'Jason Witten','TE','Dallas Cowboys',0,24),(2069461948,'Ed Dickson','TE','Carolina Panthers',0,31),(2071941970,'Keshawn Martin','WR','New England Patriots',0,1),(2072546703,'Percy Harvin','WR','Buffalo Bills',0,3),(2073686320,'Alshon Jeffery','WR','Chicago Bears',0,29),(2078216902,'Joique Bell','RB','Detroit Lions',0,28),(2085418570,'Jalston Fowler','RB','Tennessee Titans',0,14),(2088814997,'Rueben Randle','WR','New York Giants',0,23),(2093964375,'Greg Little','WR','Cincinnati Bengals',0,6),(2104548445,'Austin Davis','QB','Cleveland Browns',0,9),(2104981109,'Ted Ginn Jr.','WR','Carolina Panthers',0,31),(2105770291,'Garrett Graham','TE','Houston Texans',0,11),(2107891729,'LaMike James','RB','Miami Dolphins',0,4),(2121645352,'Albert Wilson','WR','Kansas City Chiefs',0,17),(2126378589,'Phil Dawson','K','San Francisco 49ers',0,39),(2127529417,'Michael Campanaro','WR','Baltimore Ravens',0,8),(2129726470,'Cameron Artis-Payne','RB','Carolina Panthers',0,31),(2132558875,'T.J. Yeldon','RB','Jacksonville Jaguars',0,13),(2136972104,'Robert Woods','WR','Buffalo Bills',0,3),(2142195044,'Cam Newton','QB','Carolina Panthers',0,31),(2142363812,'Glenn Winston','RB','Cleveland Browns',0,9),(2143737749,'Brent Celek','TE','Philadelphia Eagles',0,22);
/*!40000 ALTER TABLE `players` ENABLE KEYS */;
UNLOCK TABLES;

--
-- Table structure for table `roster`
--

DROP TABLE IF EXISTS `roster`;
/*!40101 SET @saved_cs_client     = @@character_set_client */;
/*!40101 SET character_set_client = utf8 */;
CREATE TABLE `roster` (
  `Players_PlayerID` int(11) NOT NULL,
  `Teams_FFATeamID` int(11) NOT NULL,
  `Teams_Users_UserID` int(11) NOT NULL,
  `Teams_Leagues_LeagueID` int(11) NOT NULL,
  `Injured` tinyint(1) DEFAULT '0',
  PRIMARY KEY (`Players_PlayerID`,`Teams_FFATeamID`,`Teams_Users_UserID`,`Teams_Leagues_LeagueID`),
  KEY `fk_Players_has_Teams_Teams1_idx` (`Teams_FFATeamID`,`Teams_Users_UserID`,`Teams_Leagues_LeagueID`),
  KEY `fk_Players_has_Teams_Players1_idx` (`Players_PlayerID`),
  CONSTRAINT `fk_Players_has_Teams_Players1` FOREIGN KEY (`Players_PlayerID`) REFERENCES `players` (`PlayerID`) ON DELETE NO ACTION ON UPDATE NO ACTION,
  CONSTRAINT `fk_Players_has_Teams_Teams1` FOREIGN KEY (`Teams_FFATeamID`, `Teams_Users_UserID`, `Teams_Leagues_LeagueID`) REFERENCES `teams` (`FFATeamID`, `Users_UserID`, `Leagues_LeagueID`) ON DELETE NO ACTION ON UPDATE NO ACTION
) ENGINE=InnoDB DEFAULT CHARSET=utf8;
/*!40101 SET character_set_client = @saved_cs_client */;

--
-- Dumping data for table `roster`
--

LOCK TABLES `roster` WRITE;
/*!40000 ALTER TABLE `roster` DISABLE KEYS */;
/*!40000 ALTER TABLE `roster` ENABLE KEYS */;
UNLOCK TABLES;

--
-- Table structure for table `teams`
--

DROP TABLE IF EXISTS `teams`;
/*!40101 SET @saved_cs_client     = @@character_set_client */;
/*!40101 SET character_set_client = utf8 */;
CREATE TABLE `teams` (
  `FFATeamID` int(11) NOT NULL AUTO_INCREMENT,
  `ESPNTeamID` int(11) DEFAULT NULL,
  `Users_UserID` int(11) NOT NULL,
  `Leagues_LeagueID` int(11) NOT NULL,
  `LeagueRank` int(11) DEFAULT NULL,
  `Wins` int(11) DEFAULT NULL,
  `Losses` int(11) DEFAULT NULL,
  `Ties` int(11) DEFAULT NULL,
  PRIMARY KEY (`FFATeamID`,`Users_UserID`,`Leagues_LeagueID`),
  KEY `fk_Teams_Users1_idx` (`Users_UserID`),
  KEY `fk_Teams_Leagues1_idx` (`Leagues_LeagueID`),
  CONSTRAINT `UserID` FOREIGN KEY (`Users_UserID`) REFERENCES `users` (`UserID`) ON DELETE NO ACTION ON UPDATE NO ACTION,
  CONSTRAINT `fk_Teams_Leagues1` FOREIGN KEY (`Leagues_LeagueID`) REFERENCES `leagues` (`LeagueID`) ON DELETE NO ACTION ON UPDATE NO ACTION
) ENGINE=InnoDB DEFAULT CHARSET=utf8;
/*!40101 SET character_set_client = @saved_cs_client */;

--
-- Dumping data for table `teams`
--

LOCK TABLES `teams` WRITE;
/*!40000 ALTER TABLE `teams` DISABLE KEYS */;
/*!40000 ALTER TABLE `teams` ENABLE KEYS */;
UNLOCK TABLES;

--
-- Table structure for table `users`
--

DROP TABLE IF EXISTS `users`;
/*!40101 SET @saved_cs_client     = @@character_set_client */;
/*!40101 SET character_set_client = utf8 */;
CREATE TABLE `users` (
  `UserID` int(11) NOT NULL,
  `Name` varchar(45) DEFAULT NULL,
  `Email` varchar(45) DEFAULT NULL,
  `Password` varchar(45) DEFAULT NULL,
  PRIMARY KEY (`UserID`),
  UNIQUE KEY `UserID_UNIQUE` (`UserID`)
) ENGINE=InnoDB DEFAULT CHARSET=utf8;
/*!40101 SET character_set_client = @saved_cs_client */;

--
-- Dumping data for table `users`
--

LOCK TABLES `users` WRITE;
/*!40000 ALTER TABLE `users` DISABLE KEYS */;
INSERT INTO `users` VALUES (1,'username','trotman@wisc.edu','eric2mad');
/*!40000 ALTER TABLE `users` ENABLE KEYS */;
UNLOCK TABLES;

--
-- Table structure for table `weeklyscores`
--

DROP TABLE IF EXISTS `weeklyscores`;
/*!40101 SET @saved_cs_client     = @@character_set_client */;
/*!40101 SET character_set_client = utf8 */;
CREATE TABLE `weeklyscores` (
  `Week` int(11) NOT NULL,
  `Season` int(11) NOT NULL,
  `PassingCompletions` int(10) unsigned DEFAULT NULL,
  `PassingAttempts` int(10) unsigned DEFAULT NULL,
  `PassingTDs` int(10) unsigned DEFAULT NULL,
  `Interceptions` int(10) unsigned DEFAULT NULL,
  `RushingAttempts` int(10) unsigned DEFAULT NULL,
  `RushingYards` int(10) unsigned DEFAULT NULL,
  `RushingTDs` int(10) unsigned DEFAULT NULL,
  `Receptions` int(10) unsigned DEFAULT NULL,
  `ReceivingYards` int(10) unsigned DEFAULT NULL,
  `ReceivingTDs` int(10) unsigned DEFAULT NULL,
  `ReceivingTargets` int(10) unsigned DEFAULT NULL,
  `Misc2PC` int(10) unsigned DEFAULT NULL,
  `MiscFumbles` int(10) unsigned DEFAULT NULL,
  `MiscTDs` int(10) unsigned DEFAULT NULL,
  `FantasyPointsScore` double unsigned DEFAULT NULL,
  `Players_PlayerID` int(11) NOT NULL,
  PRIMARY KEY (`Players_PlayerID`),
  CONSTRAINT `PlayerID` FOREIGN KEY (`Players_PlayerID`) REFERENCES `players` (`PlayerID`) ON DELETE NO ACTION ON UPDATE NO ACTION
) ENGINE=InnoDB DEFAULT CHARSET=utf8;
/*!40101 SET character_set_client = @saved_cs_client */;

--
-- Dumping data for table `weeklyscores`
--

LOCK TABLES `weeklyscores` WRITE;
/*!40000 ALTER TABLE `weeklyscores` DISABLE KEYS */;
INSERT INTO `weeklyscores` VALUES (17,2015,0,0,0,0,0,0,0,0,2,18,2,0,0,0,1,4367993),(0,2015,0,0,0,0,0,0,0,0,3,36,4,0,0,0,3,7939301),(0,2015,0,0,0,0,0,0,0,0,1,63,3,0,0,0,6,9966811),(0,2015,0,0,0,0,0,0,0,0,8,84,11,0,0,0,8,11033265),(5,2015,0,0,0,0,0,0,0,0,2,24,2,0,0,0,2,11693544),(0,2015,0,0,0,0,0,0,0,0,0,0,0,0,0,0,0,17273134),(0,2015,0,0,0,0,0,0,0,0,1,15,1,0,0,0,1,20715326),(0,2015,0,0,0,0,0,0,0,0,0,0,0,0,0,0,14,21553406),(0,2015,0,0,0,0,0,0,0,0,1,27,4,0,0,0,2,21575129),(0,2015,0,0,0,0,0,2,2,0,0,0,0,0,0,0,0,23577046),(0,2015,0,0,0,0,0,0,0,0,0,0,0,0,0,0,0,28179313),(0,2015,22,226,0,1,0,3,7,0,0,0,0,0,1,0,11,31743725),(0,2015,0,0,0,0,0,0,0,0,1,24,1,0,0,0,2,33545465),(3,2015,0,0,0,0,0,0,0,0,0,0,0,0,0,1,6,37202964),(2,2015,0,0,0,0,0,7,26,0,2,4,5,0,0,0,2,43369349),(0,2015,0,0,0,0,0,0,0,0,9,141,11,0,0,0,26,43796990),(0,2015,0,0,0,0,0,0,0,0,5,44,8,0,0,0,4,44421183),(0,2015,0,0,0,0,0,0,0,0,0,0,0,0,0,0,0,45104065),(0,2015,18,117,0,0,2,0,0,0,0,0,0,0,0,0,0,48779660),(0,2015,0,0,0,0,0,0,0,0,2,37,3,0,0,0,9,49461553),(0,2015,0,0,0,0,0,16,57,0,5,46,8,0,0,0,15,53153626),(0,2015,0,0,0,0,0,0,0,0,8,76,10,0,0,0,7,57610120),(5,2015,0,0,0,0,0,0,0,0,2,53,2,0,0,0,17,64444528),(1,2015,0,0,0,0,0,0,0,0,0,0,0,0,0,0,0,66736227),(4,2015,0,0,0,0,0,0,0,0,1,26,2,0,0,0,2,76027479),(0,2015,0,0,0,0,0,0,0,0,0,0,0,0,0,0,0,80938068),(0,2015,0,0,0,0,0,0,0,0,3,24,6,0,0,0,2,87167602),(0,2015,0,0,0,0,0,0,0,0,0,0,0,0,0,0,2,89421079),(0,2015,0,0,0,0,0,0,0,0,2,16,4,0,0,0,1,91666646),(2,2015,0,0,0,0,0,1,11,0,0,0,0,0,0,0,1,92765805),(0,2015,18,225,0,1,1,4,31,0,0,0,0,0,0,0,14,94753643),(0,2015,0,0,0,0,0,0,0,0,3,38,4,0,0,0,3,103531245),(1,2015,0,0,0,0,0,0,0,0,0,0,0,0,0,0,0,106145610),(1,2015,0,0,0,0,0,0,0,0,0,0,0,0,0,0,0,107194747),(0,2015,0,0,0,0,0,1,6,0,3,19,3,0,0,0,1,113381563),(1,2015,0,0,0,0,0,0,0,0,0,0,0,0,0,0,0,115371214),(0,2015,0,0,0,0,0,0,0,0,5,60,8,0,0,0,6,115821968),(1,2015,0,0,0,0,0,0,0,0,1,19,1,0,0,0,1,119081769),(7,2015,0,0,0,0,0,0,0,0,1,13,1,0,0,0,1,124725915),(0,2015,0,0,0,0,0,0,0,0,1,1,1,0,0,0,0,126883194),(1,2015,0,0,0,0,0,0,0,0,4,45,5,0,0,0,4,127455234),(13,2015,0,0,0,0,0,4,12,0,0,0,0,0,0,0,1,127883242),(0,2015,23,231,0,0,1,3,16,0,0,0,0,0,0,0,8,137099958),(0,2015,0,0,0,0,0,0,0,0,5,48,7,0,0,0,4,138973883),(0,2015,0,0,0,0,0,0,0,0,2,24,2,0,0,0,8,144284063),(0,2015,0,0,0,0,0,0,0,0,6,46,11,0,0,0,10,153269339),(0,2015,0,0,0,0,0,0,0,0,1,12,3,0,0,0,1,156752852),(0,2015,0,0,0,0,0,0,0,0,5,52,9,0,0,0,5,168488680),(0,2015,0,0,0,0,0,0,0,0,0,0,0,0,0,0,7,172417371),(0,2015,0,0,0,0,0,0,0,0,3,19,5,0,0,0,1,175591544),(0,2015,0,0,0,0,0,8,63,0,6,25,6,0,0,0,8,186671047),(0,2015,0,0,0,0,0,0,0,0,4,24,8,0,0,0,2,191952299),(1,2015,0,0,0,0,0,12,37,0,8,40,11,0,0,0,7,195682832),(0,2015,0,0,0,0,0,0,0,0,0,0,0,0,0,0,6,197362551),(13,2015,0,0,0,0,0,7,41,0,1,5,1,0,0,0,4,198981718),(0,2015,0,0,0,0,0,17,41,0,3,46,4,0,0,0,8,202161423),(0,2015,0,0,0,0,0,0,0,0,0,0,0,0,0,0,0,205098728),(8,2015,27,265,0,2,1,2,34,0,0,0,0,0,0,0,19,223542210),(0,2015,0,0,0,0,0,0,0,0,1,55,2,0,0,0,11,225214139),(0,2015,0,0,0,0,0,0,0,0,0,0,0,0,0,0,0,232572080),(0,2015,0,0,0,0,0,12,20,0,2,13,2,0,0,0,3,233062393),(0,2015,0,0,0,0,0,6,28,0,1,2,2,0,0,0,2,238995740),(0,2015,0,0,0,0,0,2,4,0,1,17,1,0,0,0,1,239487463),(14,2015,0,0,0,0,0,2,6,0,2,28,2,0,0,0,2,241648419),(5,2015,0,0,0,0,0,0,0,0,2,56,4,0,0,0,5,245908962),(12,2015,0,0,0,0,0,0,0,0,0,0,0,0,0,1,6,254190241),(0,2015,0,0,0,0,0,6,55,1,0,0,0,0,0,0,11,256609732),(2,2015,0,0,0,0,0,0,0,0,1,15,1,0,0,0,1,262879831),(0,2015,0,0,0,0,0,0,0,0,4,46,7,0,0,0,10,264317409),(0,2015,0,0,0,0,0,0,0,0,0,0,0,0,0,0,0,274509779),(0,2015,0,0,0,0,0,0,0,0,2,25,2,0,0,0,2,279723139),(0,2015,0,0,0,0,0,0,0,0,4,73,7,0,0,0,7,280360991),(1,2015,0,0,0,0,0,0,0,0,3,40,6,0,0,0,4,284399956),(0,2015,0,0,0,0,0,0,0,0,0,0,0,0,0,0,0,289792333),(1,2015,0,0,0,0,0,0,0,0,3,51,5,0,0,0,5,292148266),(0,2015,0,0,0,0,0,12,29,0,4,19,8,0,0,0,3,295016639),(0,2015,0,0,0,0,0,0,0,0,2,34,3,0,0,0,3,295731652),(0,2015,0,0,0,0,0,3,1,1,0,0,0,0,0,0,6,306424690),(0,2015,0,0,0,0,0,0,0,0,0,0,0,0,0,0,5,313776413),(0,2015,0,0,0,0,0,6,28,0,0,0,0,0,0,0,2,314424789),(0,2015,0,0,0,0,0,24,141,1,5,25,8,0,0,0,22,318114578),(12,2015,6,31,0,0,0,0,0,0,0,0,0,0,0,0,1,322693139),(7,2015,0,0,0,0,0,8,48,1,0,0,1,0,0,0,10,323589098),(9,2015,4,79,0,0,0,0,0,0,0,0,0,0,0,0,3,329827849),(10,2015,0,0,0,0,0,0,0,0,1,40,1,0,0,0,4,332096237),(0,2015,0,0,0,0,0,0,0,0,7,88,14,0,0,0,8,337409145),(0,2015,0,0,0,0,0,0,0,0,1,29,2,0,0,0,2,337963139),(0,2015,0,0,0,0,0,0,0,0,8,70,8,0,0,0,7,347487547),(0,2015,0,0,0,0,0,0,0,0,3,40,4,0,0,0,4,351784805),(0,2015,0,0,0,0,0,0,0,0,5,53,7,0,0,0,5,362786083),(0,2015,0,0,0,0,0,0,0,0,5,74,6,0,0,0,13,362897302),(0,2015,0,0,0,0,0,0,0,0,9,98,13,1,0,0,23,367447979),(6,2015,0,0,0,0,0,0,0,0,1,16,2,0,0,0,1,370302011),(0,2015,5,49,0,0,0,3,23,0,0,0,0,0,1,0,1,370435201),(1,2015,0,0,0,0,0,0,0,0,0,0,0,0,0,0,0,370693886),(0,2015,0,0,0,0,0,9,24,0,8,98,9,0,0,0,11,372465233),(0,2015,0,0,0,0,0,0,0,0,2,27,3,0,0,0,2,377180341),(1,2015,0,0,0,0,0,15,78,0,2,16,2,0,0,0,8,377561102),(12,2015,0,0,0,0,0,0,0,0,1,21,1,0,0,0,2,382869660),(1,2015,0,0,0,0,0,26,168,2,2,14,2,0,0,0,29,387809270),(0,2015,0,0,0,0,0,1,12,0,1,6,1,0,0,0,1,388570220),(0,2015,0,0,0,0,0,0,0,0,0,0,0,0,0,0,9,400344277),(1,2015,0,0,0,0,0,0,0,0,5,28,8,0,0,0,8,405097406),(0,2015,0,0,0,0,0,5,50,0,7,76,10,0,0,0,12,407354694),(0,2015,0,0,0,0,0,3,10,0,1,4,1,0,0,0,1,418463068),(0,2015,18,189,0,3,0,8,35,0,0,0,0,0,0,0,22,430683703),(0,2015,0,0,0,0,0,2,8,0,0,0,1,0,0,0,0,435743559),(0,2015,0,0,0,0,0,0,0,0,3,55,7,1,0,0,7,436935151),(0,2015,0,0,0,0,0,5,22,0,1,9,1,0,0,0,2,438286361),(0,2015,0,0,0,0,0,0,0,0,0,0,0,0,0,0,1,442169012),(1,2015,0,0,0,0,0,0,0,0,0,0,0,0,0,0,0,442294447),(0,2015,0,0,0,0,0,3,20,0,2,8,2,0,0,0,2,443649031),(0,2015,0,0,0,0,0,0,0,0,4,101,4,0,0,0,16,457380812),(0,2015,0,0,0,0,0,0,0,0,0,0,0,0,0,0,0,458145600),(0,2015,0,0,0,0,0,0,0,0,1,11,3,0,0,0,1,480911506),(0,2015,0,0,0,0,0,3,11,0,0,0,1,0,0,0,1,499413277),(0,2015,0,0,0,0,0,0,0,0,4,58,7,0,0,0,5,507145611),(6,2015,0,0,0,0,0,1,8,0,6,137,8,0,0,0,25,511643223),(0,2015,0,0,0,0,0,0,0,0,0,0,3,0,0,0,0,511888987),(0,2015,0,0,0,0,0,0,0,0,0,0,0,0,0,0,9,514483824),(5,2015,0,0,0,0,0,9,28,0,0,0,0,0,0,0,2,521570243),(0,2015,25,269,0,2,0,4,1,0,0,0,0,0,0,0,18,534494270),(0,2015,0,0,0,0,0,0,0,0,4,51,11,0,0,0,5,542562870),(0,2015,0,0,0,0,0,0,0,0,4,36,5,0,0,0,3,545437132),(1,2015,0,0,0,0,0,0,0,0,2,25,7,0,0,0,2,549305729),(17,2015,0,0,0,0,0,0,0,0,1,12,1,0,0,0,1,550184499),(0,2015,0,0,0,0,0,0,0,0,2,13,3,0,0,0,1,558341648),(1,2015,0,0,0,0,0,0,0,0,2,19,3,0,0,0,1,558478077),(3,2015,0,0,0,0,0,3,11,0,0,0,0,0,0,0,1,559921211),(0,2015,0,0,0,0,0,0,0,0,2,59,2,0,0,0,5,560404469),(0,2015,0,0,0,0,0,0,0,0,0,0,0,0,0,0,0,562986469),(0,2015,0,0,0,0,0,0,0,0,10,102,13,0,0,0,10,563440041),(0,2015,0,0,0,0,0,0,0,0,0,0,0,0,0,0,0,569868412),(1,2015,0,0,0,0,0,0,0,0,0,0,0,0,0,0,0,570644538),(0,2015,13,209,0,4,0,2,6,0,0,0,0,0,0,0,24,580506996),(2,2015,0,0,0,0,0,0,0,0,1,13,1,0,0,0,1,583556778),(6,2015,28,263,0,1,1,6,22,1,0,0,0,0,0,0,20,591405117),(0,2015,0,0,0,0,0,25,121,0,0,0,0,0,0,0,12,595436118),(12,2015,0,0,0,0,0,0,0,0,0,0,0,0,0,0,4,598114778),(0,2015,0,0,0,0,0,0,0,0,0,0,0,0,0,0,0,599428174),(0,2015,0,0,0,0,0,8,9,1,4,11,5,0,0,0,13,609366551),(0,2015,22,183,0,1,2,4,26,0,0,0,0,0,0,0,9,612033532),(0,2015,0,0,0,0,0,0,0,0,3,12,6,0,0,0,1,624253609),(2,2015,0,0,0,0,0,2,5,0,3,15,4,0,0,0,7,632441006),(1,2015,0,0,0,0,0,0,0,0,1,15,1,0,0,0,1,633515855),(0,2015,0,0,0,0,0,0,0,0,0,0,0,0,0,0,0,653309513),(10,2015,0,0,0,0,0,1,6,0,0,0,0,0,0,1,6,654865161),(1,2015,0,0,0,0,0,0,0,0,1,17,1,0,0,0,1,658513081),(13,2015,0,0,0,0,0,6,59,1,0,0,0,0,0,0,11,659276106),(0,2015,0,0,0,0,0,0,0,0,1,1,1,0,0,0,6,666186264),(0,2015,0,0,0,0,0,0,0,0,3,29,7,0,0,0,2,670995120),(0,2015,0,0,0,0,0,0,0,0,2,23,3,0,0,0,2,673434996),(14,2015,0,0,0,0,0,6,23,0,0,0,0,0,0,0,2,678007476),(2,2015,0,0,0,0,0,0,0,0,2,18,2,0,0,0,7,678956690),(0,2015,0,0,0,0,0,0,0,0,2,42,2,0,0,0,10,679323009),(3,2015,0,0,0,0,0,0,0,0,3,39,9,0,0,0,3,689112035),(0,2015,0,0,0,0,0,0,0,0,4,53,5,0,0,0,11,691989819),(5,2015,0,0,0,0,0,0,0,0,2,39,2,0,0,0,3,699391171),(0,2015,0,0,0,0,0,0,0,0,0,0,0,0,0,0,6,699397263),(0,2015,0,0,0,0,0,0,0,0,4,55,6,0,0,0,5,702651482),(0,2015,0,0,0,0,0,20,91,2,1,9,1,0,0,0,21,708228192),(1,2015,0,0,0,0,0,0,0,0,6,95,7,0,0,0,9,709368476),(4,2015,0,0,0,0,0,0,0,0,1,15,1,0,0,0,1,710208211),(0,2015,0,0,0,0,0,0,0,0,2,14,4,0,0,0,1,711306036),(0,2015,0,0,0,0,0,9,30,0,1,4,1,0,0,0,3,716486801),(3,2015,0,0,0,0,0,0,0,0,1,14,1,0,0,0,1,717829633),(1,2015,19,216,0,1,2,5,12,1,0,0,0,0,0,0,15,717958125),(1,2015,0,0,0,0,0,0,0,0,1,17,2,0,0,0,1,721415818),(0,2015,16,210,0,2,2,6,18,0,0,0,0,0,0,0,13,726772533),(0,2015,0,0,0,0,0,0,0,0,5,38,5,0,0,0,9,729423920),(0,2015,0,0,0,0,0,4,11,0,0,0,0,0,0,0,1,734980434),(0,2015,0,0,0,0,0,0,0,0,0,0,0,0,0,0,8,736257714),(0,2015,0,0,0,0,0,0,0,0,0,0,0,0,0,0,0,738496108),(4,2015,0,0,0,0,0,5,7,1,2,18,3,0,0,0,7,751621970),(0,2015,0,0,0,0,0,0,0,0,5,55,7,0,0,0,11,753217265),(5,2015,0,0,0,0,0,4,19,0,0,0,1,0,0,0,1,754174500),(0,2015,0,0,0,0,0,11,52,0,1,2,1,0,0,0,5,758143902),(0,2015,0,0,0,0,0,0,0,0,3,47,6,0,0,0,4,769965267),(0,2015,0,0,0,0,0,0,0,0,1,8,5,0,0,0,0,781411688),(6,2015,0,0,0,0,0,0,0,0,1,13,1,0,0,0,1,783593414),(1,2015,0,0,0,0,0,0,0,0,0,0,0,0,0,0,7,784124816),(7,2015,0,0,0,0,0,5,18,0,1,2,1,0,0,0,1,793833674),(0,2015,0,0,0,0,0,1,9,0,11,97,12,0,0,0,9,795665623),(1,2015,0,0,0,0,0,0,0,0,1,4,1,0,0,0,6,798362603),(0,2015,0,0,0,0,0,0,0,0,0,0,0,0,0,0,0,800542184),(14,2015,0,0,0,0,0,0,0,0,1,12,1,0,0,0,1,804195021),(0,2015,0,0,0,0,0,0,0,0,4,41,7,0,0,0,10,807941733),(0,2015,0,0,0,0,0,0,0,0,9,104,12,0,0,0,22,819882415),(0,2015,0,0,0,0,0,7,22,0,0,0,0,0,0,0,2,820613672),(1,2015,0,0,0,0,0,0,0,0,4,63,7,0,0,0,12,826657045),(2,2015,0,0,0,0,0,7,14,0,2,4,4,0,0,0,1,828186151),(6,2015,0,0,0,0,0,0,0,0,2,79,3,0,0,0,7,829842340),(0,2015,0,0,0,0,0,0,0,0,0,0,0,0,0,0,0,830575838),(1,2015,0,0,0,0,0,0,0,0,3,11,4,0,0,0,1,830586049),(1,2015,0,0,0,0,0,2,2,0,3,16,4,0,0,0,1,842559116),(0,2015,0,0,0,0,0,0,0,0,2,17,2,0,0,0,1,843669514),(0,2015,0,0,0,0,0,0,0,0,1,0,1,0,0,0,0,843930660),(0,2015,0,0,0,0,0,0,0,0,7,35,9,0,0,0,3,849014210),(0,2015,0,0,0,0,0,0,0,0,2,13,7,0,0,0,1,853094309),(0,2015,0,0,0,0,0,6,14,0,0,0,0,0,0,0,1,859586330),(1,2015,0,0,0,0,0,0,0,0,4,57,5,0,0,0,5,870344144),(1,2015,0,0,0,0,0,0,0,0,0,0,0,0,0,0,0,873908813),(0,2015,0,0,0,0,0,0,0,0,3,29,3,0,0,0,2,878164097),(0,2015,0,0,0,0,0,0,0,0,0,0,0,0,0,0,0,883128813),(1,2015,0,0,0,0,0,0,0,0,0,0,0,0,0,0,0,883886161),(0,2015,0,0,0,0,0,0,0,0,0,0,0,0,0,0,2,894304405),(0,2015,0,0,0,0,0,0,0,0,2,20,4,0,0,0,2,894448873),(0,2015,0,0,0,0,0,0,0,0,0,0,0,0,0,0,18,895136056),(0,2015,0,0,0,0,0,0,0,0,0,0,0,0,0,0,0,899035135),(0,2015,0,0,0,0,0,0,0,0,0,0,0,0,0,0,4,903740847),(9,2015,0,0,0,0,0,0,0,0,2,13,2,0,0,0,7,911519666),(0,2015,0,0,0,0,0,0,0,0,4,82,5,0,0,0,14,913223194),(0,2015,0,0,0,0,0,1,4,0,4,49,8,0,0,0,4,929218633),(0,2015,0,0,0,0,0,0,0,0,0,0,0,0,0,0,0,936967254),(0,2015,0,0,0,0,0,0,0,0,0,0,0,0,0,0,0,945931520),(0,2015,0,0,0,0,0,0,0,0,0,0,0,0,0,0,0,947232512),(10,2015,0,0,0,0,0,0,0,0,1,28,3,0,0,0,2,952610249),(0,2015,0,0,0,0,0,0,0,0,0,0,0,0,0,0,9,954144379),(0,2015,0,0,0,0,0,0,0,0,0,0,0,0,0,0,7,954320824),(3,2015,0,0,0,0,0,0,0,0,2,27,2,0,0,1,8,954716682),(0,2015,0,0,0,0,0,0,0,0,0,0,0,0,0,0,4,956964446),(2,2015,0,0,0,0,0,1,1,1,0,0,1,0,0,0,6,959545345),(13,2015,0,0,0,0,0,5,22,0,0,0,0,0,0,0,2,965738030),(1,2015,0,0,0,0,0,0,0,0,4,65,4,0,0,0,12,982614503),(0,2015,0,0,0,0,0,0,0,0,0,0,0,0,0,0,4,983061586),(0,2015,0,0,0,0,0,0,0,0,3,33,4,0,0,0,3,988509165),(1,2015,19,178,0,0,1,4,8,0,0,0,0,0,0,0,5,992937541),(1,2015,0,0,0,0,0,0,0,0,0,0,0,0,0,0,0,996979550),(0,2015,0,0,0,0,0,4,16,0,0,0,1,0,0,0,1,998440703),(0,2015,0,0,0,0,0,18,56,0,4,25,4,0,0,0,7,999932695),(4,2015,0,0,0,0,0,0,0,0,0,0,0,0,0,0,0,1002397491),(0,2015,7,61,0,0,0,1,8,0,0,0,0,0,0,0,2,1008115047),(1,2015,0,0,0,0,0,0,0,0,0,0,0,0,0,0,0,1009716509),(0,2015,0,0,0,0,0,19,63,2,0,0,0,0,0,0,18,1010020409),(0,2015,26,351,0,1,1,0,0,0,0,0,0,1,0,0,18,1010202572),(0,2015,0,0,0,0,0,0,0,0,1,15,2,0,0,0,1,1011506844),(1,2015,18,227,0,2,2,2,2,0,0,0,0,0,0,0,13,1013489401),(0,2015,0,0,0,0,0,0,0,0,0,0,0,0,0,0,8,1017879805),(0,2015,0,0,0,0,0,0,0,0,4,17,4,0,0,0,1,1020290644),(0,2015,0,0,0,0,0,5,1,0,1,12,2,0,0,0,1,1024524312),(0,2015,0,0,0,0,0,0,0,0,6,105,11,0,0,0,10,1024618548),(8,2015,0,0,0,0,0,0,0,0,2,21,4,0,0,0,2,1024984289),(0,2015,18,297,0,1,0,4,11,1,0,0,0,0,2,0,18,1049971276),(4,2015,0,0,0,0,0,0,0,0,3,12,4,0,0,0,1,1053652664),(1,2015,0,0,0,0,0,0,0,0,1,9,1,0,0,0,0,1055736302),(0,2015,0,0,0,0,0,0,0,0,2,24,3,0,0,0,2,1060605273),(0,2015,0,0,0,0,0,14,51,0,3,16,3,0,1,0,4,1075276558),(0,2015,0,0,0,0,0,0,0,0,1,22,2,0,0,0,2,1089034981),(0,2015,14,195,0,1,0,9,41,0,0,0,0,0,0,0,15,1100558047),(0,2015,0,0,0,0,0,9,42,0,1,7,2,0,0,0,4,1108089564),(1,2015,0,0,0,0,0,11,16,0,2,48,2,0,0,0,5,1108425562),(0,2015,0,0,0,0,0,0,0,0,0,0,0,0,0,0,0,1119466174),(2,2015,0,0,0,0,0,0,0,0,3,36,4,0,0,0,3,1129772759),(0,2015,0,0,0,0,0,0,0,0,3,43,3,0,0,0,10,1133373054),(0,2015,0,0,0,0,0,0,0,0,3,89,3,0,0,0,14,1136731853),(0,2015,0,0,0,0,0,0,0,0,9,133,11,0,0,0,19,1139003006),(0,2015,0,0,0,0,0,0,0,0,4,34,6,0,0,0,9,1149910554),(0,2015,0,0,0,0,0,0,0,0,0,0,0,0,0,0,0,1151974288),(0,2015,0,0,0,0,0,0,0,0,3,25,4,0,0,0,2,1166701681),(0,2015,0,0,0,0,0,0,0,0,0,0,0,0,0,0,0,1171638132),(0,2015,0,0,0,0,0,0,0,0,0,0,0,0,0,0,0,1177704228),(0,2015,0,0,0,0,0,0,0,0,0,0,0,0,0,0,11,1177785133),(0,2015,0,0,0,0,0,0,0,0,1,11,3,0,0,0,1,1182237260),(14,2015,0,0,0,0,0,1,19,0,0,0,0,0,0,0,1,1191294875),(8,2015,0,0,0,0,0,5,6,0,2,17,3,0,0,0,1,1208566701),(1,2015,0,0,0,0,0,0,0,0,0,0,0,0,0,0,0,1209566809),(2,2015,0,0,0,0,0,0,0,0,2,18,2,0,0,0,1,1217837271),(0,2015,30,355,0,1,1,1,3,0,0,0,0,0,0,0,16,1219872989),(0,2015,0,0,0,0,0,19,85,1,2,14,3,0,0,0,15,1221912022),(0,2015,0,0,0,0,0,0,0,0,0,0,0,0,0,0,17,1225307120),(0,2015,0,0,0,0,0,12,62,0,2,16,4,0,0,0,7,1226937789),(0,2015,0,0,0,0,0,0,0,0,0,0,0,0,0,0,9,1234033311),(1,2015,0,0,0,0,0,0,0,0,0,0,0,0,0,0,0,1234410103),(1,2015,0,0,0,0,0,2,14,1,2,32,3,0,0,0,16,1242821107),(2,2015,0,0,0,0,0,1,12,0,2,27,4,0,0,0,3,1245284748),(0,2015,0,0,0,0,0,18,73,0,5,31,7,1,0,0,12,1251154603),(0,2015,0,0,0,0,0,0,0,0,0,0,0,0,0,0,0,1252732010),(0,2015,0,0,0,0,0,0,0,0,4,51,4,0,0,0,17,1254613989),(0,2015,23,298,0,2,2,5,7,0,0,0,0,0,0,0,15,1256821184),(13,2015,0,0,0,0,0,0,0,0,1,11,1,0,0,0,1,1256877844),(0,2015,0,0,0,0,0,0,0,0,0,0,0,0,0,0,0,1261490899),(4,2015,0,0,0,0,0,0,0,0,1,17,2,0,0,0,1,1271850895),(0,2015,0,0,0,0,0,15,69,0,4,51,5,0,0,0,11,1273151028),(0,2015,0,0,0,0,0,0,0,0,6,82,6,0,0,0,14,1276044811),(4,2015,0,0,0,0,0,0,0,0,1,12,1,0,0,0,1,1283575612),(0,2015,0,0,0,0,0,21,127,0,1,5,1,0,0,0,12,1287675937),(0,2015,0,0,0,0,0,0,0,0,0,0,0,0,0,0,5,1291948748),(0,2015,0,0,0,0,0,13,53,0,1,22,1,0,0,0,7,1292170816),(0,2015,0,0,0,0,0,12,74,1,2,12,4,0,0,0,20,1302679486),(0,2015,18,236,0,1,1,0,0,0,0,0,0,0,1,0,9,1304521637),(1,2015,0,0,0,0,0,0,0,0,0,0,0,0,0,0,0,1307146884),(3,2015,0,0,0,0,0,0,0,0,3,32,3,0,0,0,3,1308982214),(5,2015,0,0,0,0,0,0,0,0,1,10,3,0,0,0,1,1312996627),(1,2015,0,0,0,0,0,0,0,0,0,0,0,0,0,0,0,1315381944),(0,2015,0,0,0,0,0,0,0,0,2,39,5,0,0,0,3,1319006484),(0,2015,0,0,0,0,0,10,37,0,0,0,1,0,0,0,3,1321946146),(0,2015,0,0,0,0,0,0,0,0,3,21,4,0,0,0,2,1324158594),(0,2015,0,0,0,0,0,0,0,0,8,65,12,0,0,0,6,1324183764),(0,2015,0,0,0,0,0,0,0,0,7,28,13,0,0,0,8,1327692827),(0,2015,0,0,0,0,0,0,0,0,0,0,0,0,0,0,10,1348162299),(0,2015,0,0,0,0,0,7,50,1,4,44,4,0,0,0,15,1363420179),(2,2015,0,0,0,0,0,0,0,0,1,11,3,0,0,0,1,1365855470),(13,2015,0,0,0,0,0,13,40,0,0,0,0,0,0,0,4,1378928664),(0,2015,0,0,0,0,0,3,4,1,3,24,4,0,0,0,8,1380319603),(0,2015,0,0,0,0,0,0,0,0,0,0,0,0,0,0,17,1383172694),(0,2015,0,0,0,0,0,0,0,0,1,4,1,0,0,0,0,1388208752),(0,2015,0,0,0,0,0,6,16,0,1,12,1,0,0,0,2,1392247362),(0,2015,0,0,0,0,0,0,0,0,2,22,3,0,0,0,2,1397233380),(1,2015,22,207,0,1,1,1,4,0,0,0,0,0,2,0,6,1398853477),(0,2015,0,0,0,0,0,0,0,0,0,0,0,0,0,0,0,1404173453),(0,2015,0,0,0,0,0,12,41,0,0,0,0,0,0,0,4,1405828338),(0,2015,0,0,0,0,0,1,4,0,2,28,2,0,0,0,2,1411354813),(0,2015,0,0,0,0,0,0,0,0,0,0,0,0,0,0,0,1412123036),(0,2015,0,0,0,0,0,0,0,0,2,37,2,0,0,0,9,1419398712),(1,2015,0,0,0,0,0,0,0,0,0,0,0,0,0,0,0,1420411107),(0,2015,0,0,0,0,0,0,0,0,0,0,0,0,0,0,4,1422411845),(6,2015,0,0,0,0,0,0,0,0,4,33,4,0,0,0,9,1426330632),(0,2015,0,0,0,0,0,4,7,1,0,0,0,0,0,0,6,1427179097),(0,2015,0,0,0,0,0,0,0,0,6,106,6,0,0,0,22,1429498865),(1,2015,0,0,0,0,0,0,0,0,0,0,0,0,0,0,0,1431226760),(0,2015,32,251,0,1,1,8,31,0,0,0,0,0,0,0,15,1434122314),(0,2015,0,0,0,0,0,0,0,0,6,74,8,0,0,0,7,1435081873),(0,2015,0,0,0,0,0,13,52,1,0,0,1,0,0,0,11,1440792667),(0,2015,0,0,0,0,0,10,18,0,3,29,4,0,0,0,3,1443869743),(0,2015,0,0,0,0,0,0,0,0,0,0,0,0,0,0,0,1450401536),(0,2015,0,0,0,0,0,13,41,0,0,0,0,0,1,0,2,1453201551),(3,2015,0,0,0,0,0,0,0,0,1,6,1,1,0,0,2,1457308183),(6,2015,0,0,0,0,0,0,0,0,1,21,2,0,0,0,2,1457327732),(0,2015,0,0,0,0,0,14,43,0,4,13,7,0,0,0,5,1458808460),(0,2015,0,0,0,0,0,0,0,0,4,59,8,0,0,0,5,1459554203),(0,2015,0,0,0,0,0,0,0,0,0,0,0,0,0,0,0,1464560417),(0,2015,0,0,0,0,0,0,0,0,4,84,8,0,0,0,8,1479680869),(0,2015,0,0,0,0,0,11,44,0,7,36,7,0,0,0,7,1482288467),(0,2015,0,0,0,0,0,0,0,0,6,87,8,0,0,0,8,1484123446),(0,2015,0,0,0,0,0,0,0,0,4,24,10,0,0,0,2,1487775889),(0,2015,0,0,0,0,0,0,0,0,1,27,7,0,0,0,2,1493833022),(0,2015,0,0,0,0,0,12,42,2,4,20,7,0,0,0,18,1495067439),(0,2015,0,0,0,0,0,0,0,0,7,63,11,0,0,0,12,1497232398),(7,2015,0,0,0,0,0,4,35,0,0,0,0,0,0,0,3,1502573073),(0,2015,0,0,0,0,0,0,0,0,4,57,8,0,0,0,5,1508161468),(0,2015,0,0,0,0,0,3,13,0,1,16,1,0,0,0,2,1510074210),(10,2015,0,0,0,0,0,0,0,0,4,57,7,0,0,0,5,1515831117),(0,2015,0,0,0,0,0,0,0,0,6,51,8,0,0,0,11,1520345116),(0,2015,0,0,0,0,0,0,0,0,0,0,0,0,0,0,0,1523571666),(3,2015,0,0,0,0,0,9,49,0,0,0,0,0,0,0,4,1527172584),(0,2015,0,0,0,0,0,0,0,0,3,46,7,0,0,0,4,1530529337),(0,2015,0,0,0,0,0,0,0,0,5,60,7,0,1,0,4,1534636980),(0,2015,0,0,0,0,0,1,2,0,1,18,1,0,0,0,1,1534995371),(13,2015,0,0,0,0,0,0,0,0,1,17,1,0,0,0,1,1544650550),(0,2015,0,0,0,0,0,0,0,0,1,5,1,1,0,0,2,1547803288),(17,2015,0,0,0,0,0,0,0,0,2,90,5,0,0,0,15,1549115464),(0,2015,0,0,0,0,0,0,0,0,1,18,1,0,0,0,1,1552299375),(3,2015,0,0,0,0,0,0,0,0,1,10,1,0,0,0,1,1563716679),(0,2015,0,0,0,0,0,0,0,0,2,19,3,0,0,0,1,1563728019),(1,2015,0,0,0,0,0,13,25,1,3,17,6,0,0,0,9,1571239471),(0,2015,0,0,0,0,0,8,31,0,2,0,3,0,0,0,3,1572256983),(1,2015,0,0,0,0,0,0,0,0,3,39,6,0,0,0,3,1581725688),(0,2015,0,0,0,0,0,0,0,0,2,8,2,0,0,0,6,1582309414),(0,2015,0,0,0,0,0,0,0,0,3,17,6,0,0,0,7,1583102100),(3,2015,0,0,0,0,0,0,0,0,4,50,4,0,0,0,5,1596465196),(0,2015,0,0,0,0,0,0,0,0,0,0,0,0,0,0,0,1600102626),(0,2015,0,0,0,0,0,0,0,0,5,47,9,0,0,0,4,1601159954),(2,2015,0,0,0,0,0,0,0,0,2,20,3,0,0,0,8,1603565936),(0,2015,0,0,0,0,0,0,0,0,0,0,0,0,0,0,0,1604868534),(0,2015,0,0,0,0,0,0,0,0,6,62,9,0,0,0,12,1616249864),(0,2015,0,0,0,0,0,0,0,0,0,0,0,0,0,0,0,1619418713),(0,2015,0,0,0,0,0,3,5,0,1,13,1,0,0,0,1,1627550175),(1,2015,0,0,0,0,0,0,0,0,2,15,2,0,0,0,1,1633012221),(0,2015,26,243,0,2,2,4,20,0,0,0,0,1,0,0,17,1636915068),(5,2015,0,0,0,0,0,0,0,0,1,16,1,0,0,0,1,1637032544),(0,2015,0,0,0,0,0,0,0,0,2,5,2,0,0,0,0,1637170725),(0,2015,0,0,0,0,0,1,11,0,0,0,0,0,0,0,1,1641088319),(0,2015,0,0,0,0,0,0,0,0,6,63,7,0,0,0,6,1644400561),(0,2015,0,0,0,0,0,0,0,0,0,0,0,0,0,0,0,1644863985),(0,2015,0,0,0,0,0,1,14,0,8,53,12,0,0,1,12,1646009805),(1,2015,0,0,0,0,0,25,66,1,0,0,0,0,1,0,10,1646872033),(1,2015,0,0,0,0,0,0,0,0,1,21,2,0,0,0,2,1648872825),(0,2015,0,0,0,0,0,0,0,0,3,26,4,0,0,0,14,1653048704),(0,2015,0,0,0,0,0,16,45,0,4,77,6,0,0,0,11,1655915956),(1,2015,0,0,0,0,0,0,0,0,4,142,6,0,0,0,20,1657820715),(1,2015,0,0,0,0,0,0,0,0,2,15,3,0,0,0,1,1673367686),(0,2015,0,0,0,0,0,0,0,0,5,94,8,0,0,0,27,1681631581),(0,2015,0,0,0,0,0,0,0,0,5,37,8,0,0,0,3,1685561721),(14,2015,0,0,0,0,0,0,0,0,1,16,2,0,0,0,1,1685877871),(0,2015,0,0,0,0,0,0,0,0,0,0,0,0,0,0,0,1688445111),(5,2015,0,0,0,0,0,0,0,0,1,11,3,0,0,0,1,1689135123),(0,2015,0,0,0,0,0,0,0,0,1,11,2,0,0,0,1,1691375761),(0,2015,0,0,0,0,0,0,0,0,0,0,0,0,0,0,0,1696294805),(3,2015,0,0,0,0,0,0,0,0,6,45,6,1,0,0,6,1700536921),(0,2015,0,0,0,0,0,0,0,0,0,0,0,0,0,0,0,1701763340),(0,2015,17,165,0,0,0,7,41,0,0,0,0,0,0,0,10,1704944148),(0,2015,0,0,0,0,0,0,0,0,0,0,0,0,0,0,0,1710986769),(3,2015,0,0,0,0,0,0,0,0,3,46,7,0,0,0,4,1714386500),(0,2015,0,0,0,0,0,0,0,0,5,85,6,0,0,0,8,1731473426),(0,2015,0,0,0,0,0,0,0,0,15,166,17,0,0,0,16,1732806874),(0,2015,0,0,0,0,0,0,0,0,3,58,4,0,0,0,5,1737976412),(1,2015,0,0,0,0,0,0,0,0,0,0,0,0,0,0,0,1739161346),(0,2015,0,0,0,0,0,0,0,0,0,0,0,0,0,0,0,1739207919),(0,2015,0,0,0,0,0,0,0,0,0,0,0,0,0,0,0,1739404643),(1,2015,0,0,0,0,0,7,35,0,1,3,2,0,0,0,3,1741366708),(0,2015,0,0,0,0,0,1,11,0,3,27,3,0,0,0,3,1741819267),(1,2015,22,282,0,0,0,6,31,1,0,0,0,0,0,0,20,1751098469),(2,2015,0,0,0,0,0,0,0,0,4,37,4,0,0,0,3,1753916374),(0,2015,0,0,0,0,0,0,0,0,0,0,0,0,0,0,2,1759250115),(0,2015,0,0,0,0,0,0,0,0,2,45,3,0,1,0,2,1759938223),(0,2015,0,0,0,0,0,0,0,0,0,0,0,0,0,0,0,1764101126),(0,2015,0,0,0,0,0,1,0,0,0,0,0,0,0,0,0,1765440684),(0,2015,0,0,0,0,0,8,19,0,5,51,6,0,0,0,6,1767365493),(0,2015,22,243,0,3,0,9,15,0,0,0,0,0,0,0,22,1767448703),(1,2015,0,0,0,0,0,30,209,1,3,46,3,0,0,0,36,1798918035),(0,2015,0,0,0,0,0,0,0,0,0,0,1,0,0,0,0,1801671467),(0,2015,0,0,0,0,0,0,0,0,0,0,1,0,0,0,0,1805418614),(0,2015,0,0,0,0,0,0,0,0,0,0,0,0,0,0,0,1805972694),(0,2015,0,0,0,0,0,0,0,0,0,0,0,0,0,0,0,1810801056),(14,2015,0,0,0,0,0,0,0,0,1,36,1,0,0,0,3,1814005795),(0,2015,13,182,0,1,1,5,35,0,0,0,0,0,2,0,8,1819660902),(0,2015,0,0,0,0,0,0,0,0,2,19,3,0,0,0,1,1820384852),(0,2015,0,0,0,0,0,0,0,0,2,37,3,0,0,0,3,1821931048),(2,2015,0,0,0,0,0,7,34,1,3,12,3,0,0,0,10,1822319436),(0,2015,0,0,0,0,0,20,80,0,0,0,2,0,0,0,8,1828217343),(0,2015,0,0,0,0,0,0,0,0,1,18,1,0,0,0,1,1830480315),(0,2015,0,0,0,0,0,0,0,0,4,45,6,0,0,0,10,1841858781),(1,2015,0,0,0,0,0,0,0,0,3,21,4,0,0,0,14,1841871463),(0,2015,0,0,0,0,0,0,0,0,5,63,8,0,0,0,6,1847606260),(0,2015,20,193,0,0,0,1,8,0,0,0,0,0,0,0,7,1847680176),(0,2015,0,0,0,0,0,12,69,1,1,7,3,0,1,0,10,1850551168),(0,2015,0,0,0,0,0,0,0,0,4,34,4,0,0,1,9,1854789202),(0,2015,0,0,0,0,0,0,0,0,2,25,5,0,0,0,2,1858925954),(0,2015,0,0,0,0,0,0,0,0,0,0,0,0,0,0,11,1867043287),(0,2015,0,0,0,0,0,0,0,0,0,0,0,0,0,0,14,1877278352),(0,2015,0,0,0,0,0,0,0,0,2,20,5,0,0,0,2,1881748855),(1,2015,0,0,0,0,0,1,5,0,2,22,3,0,0,0,8,1883881425),(9,2015,0,0,0,0,0,0,0,0,1,18,1,0,0,0,1,1887264520),(16,2015,0,0,0,0,0,9,27,0,5,20,6,0,0,0,4,1900826041),(0,2015,0,0,0,0,0,5,12,0,2,23,5,0,0,0,3,1901063592),(0,2015,0,0,0,0,0,0,0,0,4,43,4,0,0,0,4,1901537731),(0,2015,25,288,0,4,0,3,1,0,0,0,0,0,0,0,27,1905297880),(0,2015,0,0,0,0,0,3,14,0,4,46,5,0,0,0,5,1910525160),(0,2015,0,0,0,0,0,0,0,0,4,49,6,0,1,0,2,1913288720),(1,2015,0,0,0,0,0,0,0,0,2,22,4,0,0,0,2,1917750771),(0,2015,0,0,0,0,0,0,0,0,0,0,1,0,0,0,0,1917760631),(0,2015,0,0,0,0,0,2,8,0,0,0,0,0,0,0,0,1918979186),(8,2015,0,0,0,0,0,0,0,0,6,41,7,0,0,0,4,1919050974),(15,2015,15,158,0,1,3,0,0,0,0,0,0,0,0,0,4,1930364381),(0,2015,0,0,0,0,0,0,0,0,1,18,4,0,0,0,1,1933896617),(1,2015,0,0,0,0,0,4,13,0,2,23,2,0,0,0,3,1934413482),(1,2015,0,0,0,0,0,0,0,0,4,64,8,0,0,0,12,1937016185),(0,2015,0,0,0,0,0,0,0,0,0,0,1,0,0,0,0,1937237165),(0,2015,0,0,0,0,0,0,0,0,0,0,1,0,0,0,0,1939086682),(4,2015,0,0,0,0,0,0,0,0,2,18,2,0,0,0,1,1950831601),(1,2015,0,0,0,0,0,0,0,0,5,50,8,0,0,0,11,1966098196),(0,2015,0,0,0,0,0,10,31,0,3,21,3,0,0,0,5,1966936255),(0,2015,0,0,0,0,0,0,0,0,1,13,3,0,0,0,1,1969820504),(0,2015,0,0,0,0,0,0,0,0,2,23,4,0,0,0,2,1980476774),(2,2015,0,0,0,0,0,4,40,0,1,6,3,0,0,0,4,1986872942),(0,2015,0,0,0,0,0,0,0,0,3,19,3,0,0,0,1,1989419639),(0,2015,36,336,0,1,2,0,0,0,0,0,0,0,0,0,13,1994303247),(0,2015,0,0,0,0,0,0,0,0,0,0,0,0,0,0,10,1996700295),(4,2015,0,0,0,0,0,0,0,0,1,11,2,0,0,0,1,2000787101),(1,2015,0,0,0,0,0,11,96,2,1,5,1,0,0,0,21,2006561197),(0,2015,0,0,0,0,0,0,0,0,5,110,7,0,0,0,23,2007320732),(0,2015,0,0,0,0,0,0,0,0,7,60,11,0,0,0,6,2010007399),(1,2015,0,0,0,0,0,0,0,0,2,25,3,0,0,0,2,2012185356),(0,2015,0,0,0,0,0,5,19,0,2,26,2,0,0,0,3,2019212446),(0,2015,19,307,0,3,0,3,14,0,0,0,0,0,0,0,25,2024927361),(7,2015,0,0,0,0,0,0,0,0,2,36,4,0,0,0,3,2027205413),(1,2015,0,0,0,0,0,0,0,0,0,0,0,0,0,0,0,2036014479),(0,2015,0,0,0,0,0,0,0,0,0,0,0,0,0,0,7,2048423244),(0,2015,0,0,0,0,0,6,16,0,1,19,1,0,0,0,2,2049331308),(15,2015,0,0,0,0,0,9,43,0,0,0,1,0,0,0,4,2057351967),(1,2015,0,0,0,0,0,0,0,0,0,0,1,0,0,0,0,2069062220),(0,2015,0,0,0,0,0,0,0,0,8,60,9,0,0,0,18,2069370880),(0,2015,0,0,0,0,0,0,0,0,1,9,2,0,0,0,0,2069461948),(3,2015,0,0,0,0,0,0,0,0,3,33,3,0,0,0,9,2071941970),(0,2015,0,0,0,0,0,1,9,0,5,79,5,0,0,0,13,2072546703),(0,2015,0,0,0,0,0,0,0,0,5,78,11,0,0,0,7,2073686320),(0,2015,0,0,0,0,0,6,14,0,2,27,2,0,0,0,3,2078216902),(2,2015,0,0,0,0,0,1,3,0,1,19,1,0,0,0,1,2085418570),(0,2015,0,0,0,0,0,0,0,0,3,23,5,0,0,0,2,2088814997),(1,2015,0,0,0,0,0,0,0,0,0,0,0,0,0,0,0,2093964375),(12,2015,7,77,0,1,0,1,7,0,0,0,0,0,0,0,7,2104548445),(0,2015,0,0,0,0,0,0,0,0,2,54,7,0,0,0,5,2104981109),(0,2015,0,0,0,0,0,0,0,0,0,0,1,0,0,0,0,2105770291),(0,2015,0,0,0,0,0,0,0,0,3,25,3,0,0,0,2,2121645352),(0,2015,0,0,0,0,0,0,0,0,0,0,0,0,0,0,7,2126378589),(3,2015,0,0,0,0,0,1,8,0,2,11,2,0,0,0,1,2127529417),(4,2015,0,0,0,0,0,8,25,0,0,0,0,0,0,0,2,2129726470),(0,2015,0,0,0,0,0,12,51,0,3,16,4,0,0,0,6,2132558875),(0,2015,0,0,0,0,0,0,0,0,2,27,2,0,0,0,2,2136972104),(0,2015,18,175,0,1,1,14,35,0,0,0,0,0,0,0,12,2142195044),(0,2015,0,0,0,0,0,0,0,0,1,6,1,0,0,0,0,2143737749);
/*!40000 ALTER TABLE `weeklyscores` ENABLE KEYS */;
UNLOCK TABLES;
/*!40103 SET TIME_ZONE=@OLD_TIME_ZONE */;

/*!40101 SET SQL_MODE=@OLD_SQL_MODE */;
/*!40014 SET FOREIGN_KEY_CHECKS=@OLD_FOREIGN_KEY_CHECKS */;
/*!40014 SET UNIQUE_CHECKS=@OLD_UNIQUE_CHECKS */;
/*!40101 SET CHARACTER_SET_CLIENT=@OLD_CHARACTER_SET_CLIENT */;
/*!40101 SET CHARACTER_SET_RESULTS=@OLD_CHARACTER_SET_RESULTS */;
/*!40101 SET COLLATION_CONNECTION=@OLD_COLLATION_CONNECTION */;
/*!40111 SET SQL_NOTES=@OLD_SQL_NOTES */;

-- Dump completed on 2016-03-17 20:08:23
